Mode,0,0,0,0,1,1,0,1,1,1,1,1,1,0,0,0,0,0,0,0,0,0,1,1,0,0,1,1,1,1,0,1,1,0,1,1,0,1,1,1,1,1,1,1,1,1,1,1,0,1,1,1,1,1,1,0,1,1,1,0,0,1,0,0,0,1,1,1,1,0,2,0,0,0,0,0,1,0,1,1,1,1,1,1,1,1,1,0,0,1,1,1,0,1,1,1,0,1,1,1,1,1,1,0,2,2,0,2,0,1,0,0,1,1,1,1,0,1,0,1,0,1,1,1,1,0,1,1,1,1,1,1,1,1,3,1,1,1,1,1,1,1,1,1,0,1,0,1,1,1,1,3,0,0,0,1,2,1,0,1,1,1,1,1,1,0,0,2,0,1,1,1,1,1,1,1,1,0,1,1,1,1,1,0,1,1,1,1,1,1,0,1,0,1,2,3,2,1,1,1,2,1,1,1,1,1,1,1,1,1,1,1,1,0,1,1,0,1,1,0,1,1,1,1,1,1,0,1,1,1,0,0,1,0,0,1,1,1,1,1,0,0,0,0,1,1,0,1,1,1,1,1,1,1,1,1,1,1,1,1,0,1,1,1,0,1,0,1,1,0,1,1,1,1,1,1,1,1,1,1,0,0,1,1,1,1,1,1,0,1,1,1,1,0,1,1,1,1,1,1,1,1,1,1,1,1,1,1,1,1,1,1,0,0,1,1,1,1,1,1,0,1,1,1,1,1,1,1,0,1,1,1,1,1,1,1,0,3,0,0,0,3,0,1,1,1,1,1,1,1,1,1,1,1,1,1,0,0,1,1,0,1,1,1,1,1,1,1,1,1,1,1,1,1,1,1,1,0,1,1,1,1,0,2
Q_HP,0.0,0.0,0.0,0.0,1211.2,2008.0,0.0,994.1,4998.6,1999.3,2002.1,2009.1,7.1,0.0,0.0,0.0,0.0,0.0,0.0,0.0,0.0,0.0,1814.8,4998.6,0.0,0.0,4435.1,2174.1,2148.8,2136.9,0.0,4244.4,2118.3,0.0,7.1,7.1,0.0,7.1,4998.6,4998.6,4998.6,4883.4,2551.5,2533.4,2515.3,2486.8,1641.7,7.1,0.0,689.2,4998.6,4998.6,4998.6,2316.5,2309.6,0.0,4609.0,2305.3,7.1,0.0,0.0,7.1,0.0,0.0,0.0,7.1,4561.5,4998.6,4998.6,0.0,7.1,0.0,0.0,0.0,0.0,0.0,4998.6,0.0,4998.6,4316.7,1643.5,1724.9,1806.3,1915.2,2024.2,2110.3,2196.4,0.0,0.0,4998.6,4998.6,2714.0,0.0,4998.6,2667.5,2525.2,0.0,2508.1,2503.4,2503.7,2503.9,2507.5,2511.0,0.0,7.1,7.1,0.0,7.1,0.0,1681.5,0.0,0.0,2705.4,4998.6,4998.6,4998.6,0.0,7.1,0.0,1663.1,0.0,3451.0,4998.6,4998.6,4998.6,0.0,3055.2,1661.7,1760.2,1844.0,1927.8,2090.0,2252.3,2407.1,7.1,4998.6,3162.0,2874.1,2867.9,2832.9,2797.8,2766.0,2734.1,2711.7,0.0,7.1,0.0,875.0,4998.6,4998.6,4998.6,7.1,0.0,0.0,0.0,179.3,7.1,7.1,0.0,2764.2,2827.7,2892.9,4340.8,4998.6,4998.6,0.0,0.0,7.1,0.0,533.7,4998.6,4998.6,4998.6,4998.6,1573.1,1664.7,1756.4,0.0,3739.6,2044.1,2179.3,2312.3,2445.4,0.0,4998.6,3211.8,2816.4,2792.2,2767.9,2738.3,0.0,66.6,0.0,7.1,7.1,7.1,7.1,7.1,4893.1,7.1,7.1,7.1,7.1,2566.8,4998.6,2678.7,7.1,2641.7,3952.3,4998.6,4998.6,4998.6,7.1,0.0,7.1,7.1,0.0,470.1,4998.6,0.0,4998.6,4998.6,4998.6,4998.6,4998.6,4735.3,0.0,887.0,4998.6,2100.3,0.0,0.0,7.1,0.0,0.0,7.1,7.1,7.1,3174.4,7.1,0.0,0.0,0.0,0.0,7.1,7.1,0.0,7.1,7.1,1962.7,2188.5,3826.4,4998.6,4998.6,4998.6,4998.6,4998.6,4998.6,4998.6,2405.0,0.0,2731.3,4998.6,2553.5,0.0,4998.6,0.0,4998.6,762.9,0.0,2378.7,2374.7,2366.6,2362.4,2356.3,4998.6,4998.6,4998.6,4998.6,1656.1,0.0,0.0,7.1,2756.5,4998.6,2964.9,7.1,4998.6,0.0,94.1,2470.9,2457.6,4998.6,0.0,4998.6,4998.6,4998.6,4129.0,7.1,4998.6,4998.6,7.1,7.1,7.1,7.1,7.1,2678.7,2840.1,2960.2,2754.7,2712.0,2615.0,0.0,0.0,4998.6,4998.6,4998.6,4998.6,4998.6,3461.9,0.0,7.1,7.1,4998.6,4998.6,4347.9,2573.2,7.1,0.0,2010.9,4998.6,4998.6,4998.6,2759.5,2718.6,2687.2,0.0,7.1,0.0,0.0,0.0,7.1,0.0,3904.7,7.1,2498.0,2488.5,2481.2,4066.0,4998.6,4998.6,4998.6,4998.6,4998.6,7.1,7.1,0.0,0.0,7.1,4998.6,0.0,2644.4,2431.6,2389.7,2335.5,2311.5,2272.4,2262.2,2237.5,2220.7,2200.0,2004.7,1896.7,1904.0,1853.6,2290.9,4844.8,0.0,4998.6,4998.6,4998.6,4998.6,0.0,7.1
Q_Penalty,0.0,0.0,0.0,0.0,0.0,0.0,0.0,0.0,0.0,0.0,0.0,0.0,0.0,0.0,0.0,0.0,0.0,0.0,0.0,0.0,0.0,0.0,0.0,0.0,0.0,0.0,0.0,0.0,0.0,0.0,0.0,0.0,0.0,0.0,0.0,0.0,0.0,0.0,0.0,0.0,0.0,0.0,0.0,0.0,0.0,0.0,0.0,0.0,0.0,0.0,0.0,0.0,0.0,0.0,0.0,0.0,0.0,0.0,0.0,0.0,0.0,0.0,0.0,0.0,0.0,0.0,0.0,0.0,0.0,0.0,0.0,0.0,0.0,0.0,0.0,0.0,0.0,0.0,0.0,0.0,0.0,0.0,0.0,0.0,0.0,0.0,0.0,0.0,0.0,0.0,0.0,0.0,0.0,0.0,0.0,0.0,0.0,0.0,0.0,0.0,0.0,0.0,0.0,0.0,0.0,0.0,0.0,0.0,0.0,0.0,0.0,0.0,0.0,0.0,0.0,0.0,0.0,0.0,0.0,0.0,0.0,0.0,0.0,0.0,0.0,0.0,0.0,0.0,0.0,0.0,0.0,0.0,0.0,0.0,0.0,0.0,0.0,0.0,0.0,0.0,0.0,0.0,0.0,0.0,0.0,0.0,0.0,0.0,0.0,0.0,0.0,0.0,0.0,0.0,0.0,0.0,0.0,0.0,0.0,0.0,0.0,0.0,0.0,0.0,0.0,0.0,0.0,0.0,0.0,0.0,0.0,0.0,0.0,0.0,0.0,0.0,0.0,0.0,0.0,0.0,0.0,0.0,0.0,0.0,0.0,0.0,0.0,0.0,0.0,0.0,0.0,0.0,0.0,0.0,0.0,0.0,0.0,0.0,0.0,0.0,0.0,0.0,0.0,0.0,0.0,0.0,0.0,0.0,0.0,0.0,0.0,0.0,0.0,0.0,0.0,0.0,0.0,0.0,0.0,0.0,0.0,0.0,0.0,0.0,0.0,0.0,0.0,0.0,0.0,0.0,0.0,0.0,0.0,0.0,0.0,0.0,0.0,0.0,0.0,0.0,0.0,0.0,0.0,0.0,0.0,0.0,0.0,0.0,0.0,0.0,0.0,0.0,0.0,0.0,0.0,0.0,0.0,0.0,0.0,0.0,0.0,0.0,0.0,0.0,0.0,0.0,0.0,0.0,0.0,0.0,0.0,0.0,0.0,0.0,0.0,0.0,0.0,0.0,0.0,0.0,0.0,0.0,0.0,0.0,0.0,0.0,0.0,0.0,0.0,0.0,0.0,0.0,0.0,0.0,0.0,0.0,0.0,0.0,0.0,0.0,0.0,0.0,0.0,0.0,0.0,0.0,0.0,0.0,0.0,0.0,0.0,0.0,0.0,0.0,0.0,0.0,0.0,0.0,0.0,0.0,0.0,0.0,0.0,0.0,0.0,0.0,0.0,0.0,0.0,0.0,0.0,0.0,0.0,0.0,0.0,0.0,0.0,0.0,0.0,0.0,0.0,0.0,0.0,0.0,0.0,0.0,0.0,0.0,0.0,0.0,0.0,0.0,0.0,0.0,0.0,0.0,0.0,0.0,0.0,0.0,146.44,0.0,0.0,0.0,0.0,0.0,0.0,0.0,0.0,0.0,0.0,0.0,0.0,0.0,0.0,0.0,0.0,0.0,0.0,0.0,0.0,0.0,0.0,0.0
Q_Hou,30500.07,2032.85,2014.23,2002.29,1990.34,1984.27,1978.19,1975.56,1972.92,1975.66,1978.39,1985.4,1992.42,1999.26,2006.11,1973.36,1940.62,1956.29,1971.97,2141.42,2310.87,2318.45,2326.03,2289.52,2253.02,2214.33,2175.64,2150.37,2125.11,2113.18,2101.25,2097.92,2094.6,2095.37,2096.15,2068.23,2040.31,2070.65,2101.0,2287.42,2473.84,2500.83,2527.81,2509.69,2491.56,2463.09,2434.63,2406.83,17260.26,2354.34,2329.65,2314.66,2299.67,2292.78,2285.89,2283.29,2280.69,2281.63,2282.57,2285.57,2288.58,2291.33,2294.08,2291.64,2289.2,2303.28,2317.35,2344.57,2371.78,2150.46,1929.14,1719.77,1510.39,1411.1,1311.81,1293.61,1275.41,1348.22,1421.03,1520.43,1619.84,1701.23,1782.62,1891.56,2000.5,2086.58,2172.67,2355.7,2538.73,2560.18,2581.62,2566.49,2551.36,2532.58,2513.79,2501.49,23568.23,2484.43,2479.68,2479.97,2480.25,2483.77,2487.28,2491.66,2496.03,2499.73,2503.43,2507.25,2511.06,2510.94,2510.82,2567.86,2624.9,2691.8,2758.71,2731.23,2703.75,2427.14,2150.52,1905.83,11007.75,1551.22,1441.3,1420.59,1399.88,1469.73,1539.57,1638.04,1736.51,1820.3,1904.08,2066.34,2228.6,2383.42,2538.23,2697.45,2856.66,2850.45,2844.24,2809.17,2774.1,2742.28,2710.45,2688.0,2665.54,2650.27,2634.99,2625.7,2616.4,2615.69,2614.99,2618.97,2622.96,2625.47,2627.99,2631.78,2635.58,2635.11,2634.63,2698.06,2761.48,2825.76,2890.04,2839.25,2788.46,2498.51,2208.57,1957.29,10536.39,1589.04,1472.06,1446.36,1420.67,1485.03,1549.39,1641.05,1732.71,1808.94,1885.17,2020.38,2155.58,2288.63,2421.69,2594.64,2767.59,2780.17,2792.75,2768.5,2744.24,2714.6,2684.96,2660.91,23568.23,2621.69,2606.51,2596.74,2586.97,2580.21,2573.45,2570.61,2567.77,2566.48,2565.2,2564.72,2564.25,2560.14,2556.04,2597.56,2639.08,2680.87,2722.67,2683.01,2643.36,2364.81,2086.25,1848.94,1611.63,1516.67,1421.7,1426.07,1430.45,1505.05,1579.65,1660.96,1742.26,1806.13,1870.0,1939.79,2009.58,2076.64,2143.71,2326.27,2508.84,2526.43,2544.03,2515.31,2486.59,2448.89,2411.19,2378.78,2346.37,2322.05,2297.74,2280.5,2263.26,2250.58,2237.91,2227.02,2216.14,2206.2,2196.25,2186.91,2177.57,2168.75,2159.92,2140.42,2120.91,2166.89,2212.87,2381.29,2549.7,2554.62,2559.54,2529.78,2500.03,2473.08,2446.13,2429.41,2412.69,2400.57,2388.44,2380.37,2372.3,2366.16,2360.02,2374.31,2388.6,2476.81,2565.02,2717.8,2870.58,2860.31,2850.04,2801.85,2753.67,2702.63,2651.58,2609.42,2567.26,2534.3,2501.34,2478.24,2455.14,2442.72,2430.31,2423.85,2417.4,2413.56,2409.73,2408.43,2407.13,2407.39,2407.65,2423.84,2440.03,2518.73,2597.43,2717.39,2837.35,2794.64,2751.93,2682.11,12144.57,2545.98,2479.67,2433.56,2387.45,2368.24,2349.02,2347.18,2345.34,2346.64,2347.95,2361.26,2374.58,2462.06,2549.53,2708.33,2867.13,2863.33,2859.54,2818.11,2776.69,2735.81,2694.92,2663.54,2632.16,2609.27,2586.37,2570.22,2554.07,2543.26,2532.46,2523.43,2514.39,2504.94,2495.49,2487.11,2478.73,2470.23,2461.74,2461.11,2460.48,2517.04,2573.61,2699.79,2825.97,2795.01,2764.06,2696.05,2481.6,2561.74,2495.43,2441.33,2387.24,2348.18,2309.12,2284.49,2259.86,2239.15,2218.44,2110.52,2002.61,1952.31,1902.01,2095.4,2288.79,2322.23,2355.66,2336.78,2317.9,2285.22,2252.55,2218.53
Q_Hou_Dem,2051.47,2032.85,2014.23,2002.29,1990.34,1984.27,1978.19,1975.56,1972.92,1975.66,1978.39,1985.4,1992.42,1999.26,2006.11,1973.36,1940.62,1956.29,1971.97,2141.42,2310.87,2318.45,2326.03,2289.52,2253.02,2214.33,2175.64,2150.37,2125.11,2113.18,2101.25,2097.92,2094.6,2095.37,2096.15,2068.23,2040.31,2070.65,2101.0,2287.42,2473.84,2500.83,2527.81,2509.69,2491.56,2463.09,2434.63,2406.83,2379.03,2354.34,2329.65,2314.66,2299.67,2292.78,2285.89,2283.29,2280.69,2281.63,2282.57,2285.57,2288.58,2291.33,2294.08,2291.64,2289.2,2303.28,2317.35,2344.57,2371.78,2150.46,1929.14,1719.77,1510.39,1411.1,1311.81,1293.61,1275.41,1348.22,1421.03,1520.43,1619.84,1701.23,1782.62,1891.56,2000.5,2086.58,2172.67,2355.7,2538.73,2560.18,2581.62,2566.49,2551.36,2532.58,2513.79,2501.49,2489.19,2484.43,2479.68,2479.97,2480.25,2483.77,2487.28,2491.66,2496.03,2499.73,2503.43,2507.25,2511.06,2510.94,2510.82,2567.86,2624.9,2691.8,2758.71,2731.23,2703.75,2427.14,2150.52,1905.83,1661.14,1551.22,1441.3,1420.59,1399.88,1469.73,1539.57,1638.04,1736.51,1820.3,1904.08,2066.34,2228.6,2383.42,2538.23,2697.45,2856.66,2850.45,2844.24,2809.17,2774.1,2742.28,2710.45,2688.0,2665.54,2650.27,2634.99,2625.7,2616.4,2615.69,2614.99,2618.97,2622.96,2625.47,2627.99,2631.78,2635.58,2635.11,2634.63,2698.06,2761.48,2825.76,2890.04,2839.25,2788.46,2498.51,2208.57,1957.29,1706.02,1589.04,1472.06,1446.36,1420.67,1485.03,1549.39,1641.05,1732.71,1808.94,1885.17,2020.38,2155.58,2288.63,2421.69,2594.64,2767.59,2780.17,2792.75,2768.5,2744.24,2714.6,2684.96,2660.91,2636.87,2621.69,2606.51,2596.74,2586.97,2580.21,2573.45,2570.61,2567.77,2566.48,2565.2,2564.72,2564.25,2560.14,2556.04,2597.56,2639.08,2680.87,2722.67,2683.01,2643.36,2364.81,2086.25,1848.94,1611.63,1516.67,1421.7,1426.07,1430.45,1505.05,1579.65,1660.96,1742.26,1806.13,1870.0,1939.79,2009.58,2076.64,2143.71,2326.27,2508.84,2526.43,2544.03,2515.31,2486.59,2448.89,2411.19,2378.78,2346.37,2322.05,2297.74,2280.5,2263.26,2250.58,2237.91,2227.02,2216.14,2206.2,2196.25,2186.91,2177.57,2168.75,2159.92,2140.42,2120.91,2166.89,2212.87,2381.29,2549.7,2554.62,2559.54,2529.78,2500.03,2473.08,2446.13,2429.41,2412.69,2400.57,2388.44,2380.37,2372.3,2366.16,2360.02,2374.31,2388.6,2476.81,2565.02,2717.8,2870.58,2860.31,2850.04,2801.85,2753.67,2702.63,2651.58,2609.42,2567.26,2534.3,2501.34,2478.24,2455.14,2442.72,2430.31,2423.85,2417.4,2413.56,2409.73,2408.43,2407.13,2407.39,2407.65,2423.84,2440.03,2518.73,2597.43,2717.39,2837.35,2794.64,2751.93,2682.11,2612.3,2545.98,2479.67,2433.56,2387.45,2368.24,2349.02,2347.18,2345.34,2346.64,2347.95,2361.26,2374.58,2462.06,2549.53,2708.33,2867.13,2863.33,2859.54,2818.11,2776.69,2735.81,2694.92,2663.54,2632.16,2609.27,2586.37,2570.22,2554.07,2543.26,2532.46,2523.43,2514.39,2504.94,2495.49,2487.11,2478.73,2470.23,2461.74,2461.11,2460.48,2517.04,2573.61,2699.79,2825.97,2795.01,2764.06,2696.05,2628.04,2561.74,2495.43,2441.33,2387.24,2348.18,2309.12,2284.49,2259.86,2239.15,2218.44,2110.52,2002.61,1952.31,1902.01,2095.4,2288.79,2322.23,2355.66,2336.78,2317.9,2285.22,2252.55,2218.53
T_Sto,313.15,311.66,310.19,308.73,308.15,308.15,306.71,305.98,308.15,308.15,308.15,308.15,306.7,305.25,303.79,302.35,300.94,299.52,298.09,296.54,294.87,293.2,292.83,294.78,308.15,306.54,308.15,308.15,308.15,308.15,306.62,308.15,308.15,306.62,305.1,303.6,302.12,300.62,302.7,304.64,306.45,308.15,308.15,308.15,308.15,308.15,307.56,305.82,303.6,302.39,304.3,306.22,308.15,308.15,308.15,306.49,308.15,308.15,306.49,304.83,303.17,301.51,299.85,298.19,296.53,294.87,296.48,298.39,300.28,298.72,297.32,296.08,304.83,303.8,302.84,301.9,304.57,303.58,306.15,308.15,308.15,308.15,308.15,308.15,308.15,308.15,308.15,306.44,304.59,306.33,308.06,308.15,306.29,308.06,308.15,308.15,308.15,308.15,308.15,308.15,308.15,308.15,308.15,306.34,304.53,302.72,300.9,299.09,297.27,296.67,294.86,293.0,293.06,294.72,296.33,297.96,296.0,294.25,292.7,292.52,299.09,300.45,303.0,305.57,308.15,307.07,308.15,308.15,308.15,308.15,308.15,308.15,308.15,308.15,306.3,307.95,308.15,308.15,308.15,308.15,308.15,308.15,308.15,308.15,308.15,306.23,304.31,303.04,304.74,306.45,308.15,306.25,304.34,302.44,300.53,298.75,296.85,294.95,293.05,293.1,293.14,293.19,294.23,295.78,297.37,295.57,293.97,292.56,298.75,297.98,300.52,303.07,305.63,308.15,308.15,308.15,308.15,306.83,308.15,308.15,308.15,308.15,308.15,306.26,307.86,308.15,308.15,308.15,308.15,308.15,306.2,304.31,308.15,306.25,304.36,302.48,300.61,298.74,300.41,298.55,296.7,294.85,293.0,293.0,294.75,294.83,292.99,293.02,293.97,295.64,297.27,298.93,297.03,295.32,293.81,292.48,293.0,292.24,294.82,293.79,296.36,298.87,301.33,303.72,306.05,308.15,306.79,306.01,308.15,308.15,306.59,304.9,303.08,301.25,299.4,297.59,295.8,294.03,294.58,292.87,306.01,304.32,302.65,301.0,299.36,297.74,296.12,294.51,292.92,292.74,292.73,293.91,295.94,297.98,300.02,302.07,304.13,306.16,308.15,308.15,306.3,306.41,308.15,308.15,293.91,295.73,293.96,295.81,294.61,292.88,292.87,292.87,292.86,292.86,292.85,294.74,296.62,298.43,300.18,299.4,297.33,295.26,293.21,293.17,294.79,294.97,293.06,294.78,294.74,292.98,292.95,292.94,294.77,293.0,294.85,296.71,298.56,299.79,298.05,299.91,301.77,300.03,298.29,296.54,294.78,292.97,293.02,293.11,293.2,293.17,293.13,293.08,299.91,298.07,299.87,301.71,303.59,305.47,307.36,308.15,306.44,304.74,303.04,304.93,306.81,308.15,308.15,306.19,304.11,303.48,305.01,306.56,308.15,308.15,308.15,308.15,304.93,303.04,301.16,299.3,297.45,295.61,293.78,294.77,292.96,292.96,292.95,292.94,294.09,295.9,297.73,299.55,301.37,303.15,301.29,299.34,297.29,295.27,293.28,294.94,292.94,293.0,292.95,292.91,292.87,292.84,292.82,292.8,292.78,292.77,292.75,292.67,292.59,292.56,292.52,292.66,294.5,292.83,294.73,296.64,298.57,300.52,298.88,297.28
Q_Sto_Power
Q_Sto_Loss,30.66,28.58,26.53,24.5,23.69,23.69,21.68,20.67,23.69,23.69,23.69,23.69,21.67,19.64,17.61,15.61,13.64,11.67,9.67,7.51,5.19,2.85,2.34,5.06,23.69,21.44,23.69,23.69,23.69,23.69,21.55,23.69,23.69,21.56,19.44,17.35,15.29,13.2,16.1,18.8,21.32,23.69,23.69,23.69,23.69,23.69,22.87,20.44,17.35,15.66,18.32,21.0,23.69,23.69,23.69,21.37,23.69,23.69,21.38,19.06,16.75,14.44,12.12,9.8,7.5,5.18,7.43,10.09,12.72,10.54,8.6,6.87,19.06,17.63,16.29,14.98,18.7,17.33,20.9,23.69,23.69,23.69,23.69,23.69,23.69,23.69,23.69,21.3,18.73,21.16,23.56,23.69,21.1,23.56,23.69,23.69,23.69,23.69,23.69,23.69,23.69,23.69,23.69,21.16,18.64,16.12,13.59,11.07,8.53,7.69,5.16,2.58,2.66,4.97,7.22,9.49,6.76,4.33,2.16,1.92,11.06,12.96,16.52,20.1,23.69,22.19,23.69,23.69,23.69,23.69,23.69,23.69,23.69,23.69,21.12,23.41,23.69,23.69,23.69,23.69,23.69,23.69,23.69,23.69,23.69,21.01,18.34,16.57,18.94,21.32,23.69,21.03,18.38,15.73,13.07,10.6,7.95,5.3,2.65,2.71,2.78,2.84,4.29,6.46,8.67,6.15,3.93,1.97,10.59,9.52,13.05,16.6,20.18,23.69,23.69,23.69,23.69,21.85,23.69,23.69,23.69,23.69,23.69,21.06,23.28,23.69,23.69,23.69,23.69,23.69,20.97,18.34,23.69,21.04,18.41,15.78,13.18,10.58,12.9,10.31,7.73,5.15,2.58,2.58,5.02,5.13,2.57,2.61,3.93,6.25,8.53,10.85,8.19,5.8,3.71,1.86,2.58,1.52,5.11,3.68,7.26,10.76,14.18,17.52,20.77,23.69,21.79,20.71,23.69,23.69,21.51,19.15,16.62,14.07,11.5,8.97,6.47,4.01,4.78,2.39,20.71,18.35,16.03,13.72,11.44,9.18,6.92,4.69,2.46,2.22,2.21,3.85,6.68,9.51,12.36,15.21,18.09,20.91,23.69,23.69,21.1,21.26,23.69,23.69,3.85,6.38,3.92,6.49,4.83,2.41,2.4,2.39,2.38,2.38,2.37,5.0,7.62,10.14,12.58,11.5,8.61,5.72,2.86,2.82,5.07,5.33,2.67,5.06,5.0,2.55,2.51,2.49,5.04,2.58,5.16,7.74,10.32,12.04,9.61,12.2,14.79,12.37,9.95,7.51,5.06,2.53,2.61,2.73,2.85,2.81,2.77,2.7,12.21,9.64,12.16,14.72,17.33,19.95,22.59,23.69,21.31,18.94,16.57,19.2,21.82,23.69,23.69,20.95,18.05,17.18,19.31,21.48,23.69,23.69,23.69,23.69,19.2,16.56,13.95,11.35,8.78,6.22,3.67,5.05,2.53,2.52,2.51,2.5,4.09,6.63,9.17,11.7,14.24,16.72,14.13,11.41,8.56,5.74,2.97,5.28,2.49,2.57,2.51,2.45,2.4,2.36,2.32,2.3,2.27,2.25,2.23,2.12,2.01,1.96,1.91,2.11,4.67,2.33,4.99,7.65,10.34,13.05,10.78,8.55
Q_Sto_Energy,27450060.0,25594770.14,23758083.64,21933980.61,21211410.0,21211410.0,19411527.34,18509635.64,21211410.0,21211410.0,21211410.0,21211410.0,19405158.76,17588145.68,15766801.89,13976727.75,12217891.87,10446729.73,8663253.72,6729213.25,4644759.52,2555586.42,2093423.67,4527026.71,21211410.0,19199212.92,21211410.0,21211410.0,21211410.0,21211410.0,19300888.39,21211410.0,21211410.0,19306168.47,17408564.13,15537968.23,13687933.34,11818891.51,14412229.13,16835352.84,19088433.55,21211410.0,21211410.0,21211410.0,21211410.0,21211410.0,20477154.25,18299041.5,15534238.5,14021531.09,16407078.38,18803708.39,21211410.0,21211410.0,21211410.0,19137216.31,21211410.0,21211410.0,19144281.87,17070107.82,14995315.22,12926552.45,10850972.86,8779672.75,6712647.85,4641460.81,6654527.95,9034062.71,11386741.95,9441837.74,7704293.42,6150320.93,17068946.4,15783091.75,14587801.48,13410075.78,16744104.92,15515115.99,18716106.46,21211410.0,21211410.0,21211410.0,21211410.0,21211410.0,21211410.0,21211410.0,21211410.0,19072110.77,16770393.63,18945918.42,21099981.7,21211410.0,18896189.85,21094392.28,21211410.0,21211410.0,21211410.0,21211410.0,21211410.0,21211410.0,21211410.0,21211410.0,21211410.0,18949871.73,16693089.92,14435247.04,12169923.88,9909866.41,7642228.75,6888851.44,4624466.55,2311071.85,2381150.24,4452775.85,6462164.75,8494242.05,6054777.07,3872886.29,1935470.48,1715247.79,9906976.2,11605109.96,14791795.03,17993900.21,21211410.0,19868683.75,21211410.0,21211410.0,21211410.0,21211410.0,21211410.0,21211410.0,21211410.0,21211410.0,18907996.88,20957954.57,21211410.0,21211410.0,21211410.0,21211410.0,21211410.0,21211410.0,21211410.0,21211410.0,21211410.0,18813684.91,16425681.25,14835160.5,16962077.34,19087493.33,21211410.0,18835403.57,16458200.25,14081120.92,11704165.43,9487402.62,7114658.4,4744721.63,2371169.19,2428250.85,2485332.5,2543186.35,3845023.22,5782609.43,7763917.72,5509718.89,3518473.63,1761564.92,9482748.0,8524395.03,11686517.88,14868570.23,18070532.08,21211410.0,21211410.0,21211410.0,21211410.0,19563700.87,21211410.0,21211410.0,21211410.0,21211410.0,21211410.0,18857284.0,20844231.29,21211410.0,21211410.0,21211410.0,21211410.0,21211410.0,18776077.29,16424652.53,21211410.0,18839380.9,16483382.93,14132113.75,11798409.23,9473123.91,11549223.93,9232818.2,6921291.74,4613245.48,2308675.9,2308251.31,4494632.06,4596753.93,2300434.26,2337804.08,3516189.11,5596501.68,7637149.68,9711401.35,7331435.35,5197885.02,3323343.54,1664048.88,2308300.5,1364998.81,4579593.08,3292818.31,6497610.04,9632108.92,12696385.51,15684486.17,18596487.38,21211410.0,19508804.9,18542628.0,21211410.0,21211410.0,19262712.09,17151825.78,14885334.2,12598881.0,10298906.53,8033483.1,5796155.72,3594968.01,4277527.97,2140901.46,18541267.8,16434901.04,14352508.14,12287705.76,10246896.54,8219535.45,6199188.69,4197074.62,2206754.65,1985575.94,1976623.15,3448732.1,5981631.35,8519920.75,11063594.89,13622254.36,16195884.12,18725587.97,21211410.0,21211410.0,18897684.48,19037588.26,21211410.0,21211410.0,3443734.8,5710946.78,3505902.69,5812313.51,4323192.36,2160510.42,2149596.67,2142331.95,2135067.24,2129542.74,2124018.25,4481358.13,6823481.28,9083945.95,11262834.15,10296918.14,7705649.48,5126218.49,2565033.57,2521668.62,4537529.32,4768817.17,2386422.67,4532112.24,4479350.7,2280870.02,2251202.23,2230412.33,4514976.92,2314200.41,4621002.27,6931293.21,9245069.72,10778095.34,8607117.68,10927273.1,13246264.54,11074908.25,8905500.54,6723714.67,4529563.08,2266855.71,2337685.71,2445650.54,2553615.37,2515175.98,2476736.59,2413901.82,10930114.8,8630057.89,10886142.57,13181415.07,15515836.05,17865190.97,20229464.85,21211410.0,19081421.89,16958823.07,14837185.81,17193494.53,19535465.39,21211410.0,21211410.0,18761482.01,16164820.3,15382170.04,17289934.07,19233025.88,21211410.0,21211410.0,21211410.0,21211410.0,17193719.4,14830474.8,12490185.82,10166769.5,7860208.89,5565676.7,3283160.83,4521748.03,2262950.15,2254445.26,2245940.36,2238399.82,3663250.77,5932801.49,8207713.75,10480908.22,12752386.62,14970726.34,12648193.13,10214544.21,7663470.84,5142790.59,2658893.22,4726423.61,2233436.7,2305562.16,2245887.79,2197201.28,2148514.77,2113360.66,2078206.56,2056038.04,2033869.52,2015231.92,1996594.32,1899472.46,1802350.61,1757079.09,1711807.58,1885859.6,4182106.23,2090002.79,4464146.95,6852880.6,9256189.1,11686465.74,9649475.56,7651530.82
Q_Sto_Power_max,30500.07,28438.63,26397.87,24371.09,23568.23,23568.23,21568.36,20566.26,23568.23,23568.23,23568.23,23568.23,21561.29,19542.38,17518.67,15529.7,13575.44,11607.48,9625.84,7476.9,5160.84,2839.54,2326.03,5030.03,23568.23,21332.46,23568.23,23568.23,23568.23,23568.23,21445.43,23568.23,23568.23,21451.3,19342.85,17264.41,15208.81,13132.1,16013.59,18705.95,21209.37,23568.23,23568.23,23568.23,23568.23,23568.23,22752.39,20332.27,17260.26,15579.48,18230.09,20893.01,23568.23,23568.23,23568.23,21263.57,23568.23,23568.23,21271.42,18966.79,16661.46,14362.84,12056.64,9755.19,7458.5,5157.18,7393.92,10037.85,12651.94,10490.93,8560.33,6833.69,18965.5,17536.77,16208.67,14900.08,18604.56,17239.02,20795.67,23568.23,23568.23,23568.23,23568.23,23568.23,23568.23,23568.23,23568.23,21191.23,18633.77,21051.02,23444.42,23568.23,20995.77,23438.21,23568.23,23568.23,23568.23,23568.23,23568.23,23568.23,23568.23,23568.23,23568.23,21055.41,18547.88,16039.16,13522.14,11010.96,8491.37,7654.28,5138.3,2567.86,2645.72,4947.53,7180.18,9438.05,6727.53,4303.21,2150.52,1905.83,11007.75,12894.57,16435.33,19993.22,23568.23,22076.32,23568.23,23568.23,23568.23,23568.23,23568.23,23568.23,23568.23,23568.23,21008.89,23286.62,23568.23,23568.23,23568.23,23568.23,23568.23,23568.23,23568.23,23568.23,23568.23,20904.09,18250.76,16483.51,18846.75,21208.33,23568.23,20928.23,18286.89,15645.69,13004.63,10541.56,7905.18,5271.91,2634.63,2698.06,2761.48,2825.76,4272.25,6425.12,8626.58,6121.91,3909.42,1957.29,10536.39,9471.55,12985.02,16520.63,20078.37,23568.23,23568.23,23568.23,23568.23,21737.45,23568.23,23568.23,23568.23,23568.23,23568.23,20952.54,23160.26,23568.23,23568.23,23568.23,23568.23,23568.23,20862.31,18249.61,23568.23,20932.65,18314.87,15702.35,13109.34,10525.69,12832.47,10258.69,7690.32,5125.83,2565.2,2564.72,4994.04,5107.5,2556.04,2597.56,3906.88,6218.34,8485.72,10790.45,8146.04,5775.43,3692.6,1848.94,2564.78,1516.67,5088.44,3658.69,7219.57,10702.34,14107.1,17427.21,20662.76,23568.23,21676.45,20602.92,23568.23,23568.23,21403.01,19057.58,16539.26,13998.76,11443.23,8926.09,6440.17,3994.41,4752.81,2378.78,20601.41,18261.0,15947.23,13653.01,11385.44,9132.82,6887.99,4663.42,2451.95,2206.2,2196.25,3831.92,6646.26,9466.58,12292.88,15135.84,17995.43,20806.21,23568.23,23568.23,20997.43,21152.88,23568.23,23568.23,3826.37,6345.5,3895.45,6458.13,4803.55,2400.57,2388.44,2380.37,2372.3,2366.16,2360.02,4979.29,7581.65,10093.27,12514.26,11441.02,8561.83,5695.8,2850.04,2801.85,5041.7,5298.69,2651.58,5035.68,4977.06,2534.3,2501.34,2478.24,5016.64,2571.33,5134.45,7701.44,10272.3,11975.66,9563.46,12141.41,14718.07,12305.45,9895.0,7470.79,5032.85,2518.73,2597.43,2717.39,2837.35,2794.64,2751.93,2682.11,12144.57,9588.95,12095.71,14646.02,17239.82,19850.21,22477.18,23568.23,21201.58,18843.14,16485.76,19103.88,21706.07,23568.23,23568.23,20846.09,17960.91,17091.3,19211.04,21370.03,23568.23,23568.23,23568.23,23568.23,19104.13,16478.31,13877.98,11296.41,8733.57,6184.09,3647.96,5024.16,2514.39,2504.94,2495.49,2487.11,4070.28,6592.0,9119.68,11645.45,14169.32,16634.14,14053.55,11349.49,8514.97,5714.21,2954.33,5251.58,2481.6,2561.74,2495.43,2441.33,2387.24,2348.18,2309.12,2284.49,2259.86,2239.15,2218.44,2110.52,2002.61,1952.31,1902.01,2095.4,4646.78,2322.23,4960.16,7614.31,10284.65,12984.96,10721.64,8501.7
P_EL,30.93,47.06,63.2,47.55,359.1,593.38,65.04,323.12,1401.79,587.99,592.52,911.53,671.51,470.48,271.45,357.89,444.34,434.98,425.61,475.39,525.17,701.02,1386.32,1822.07,-26.86,530.2,2317.84,1711.9,1726.25,1198.86,71.5,1329.46,787.09,211.77,238.26,271.96,303.6,438.11,2000.05,1880.64,1761.22,1743.72,1087.61,960.06,832.45,792.44,512.52,46.67,58.73,270.92,1547.57,1533.96,1520.34,726.01,721.67,31.46,1410.59,723.6,32.69,250.6,470.67,487.65,500.28,468.58,436.89,460.74,1864.31,1767.56,1538.19,-275.42,-633.59,-482.3,-327.37,-203.1,-78.83,-83.59,1290.45,-2.37,1494.86,1405.76,726.28,772.08,818.14,944.97,1072.24,1150.17,1228.3,371.38,179.11,1723.31,1738.67,1067.58,250.2,1746.44,922.21,864.26,30.41,851.44,854.94,871.27,887.6,907.53,927.47,61.22,38.24,37.2,32.18,40.02,39.89,890.41,603.15,333.77,975.26,2049.06,2350.78,1804.91,-322.52,-521.15,-724.23,593.54,903.44,1865.37,2256.81,1984.45,1712.1,154.73,992.17,631.09,717.61,870.23,1023.06,980.23,938.46,976.19,189.37,1947.53,1485.06,1406.99,1421.9,1239.5,1056.98,1014.78,972.43,964.49,31.41,48.37,60.4,357.7,1774.39,1773.23,1772.08,41.52,30.42,62.07,93.71,448.96,683.01,765.65,847.35,1521.02,1245.7,1173.91,1562.27,1881.27,1980.95,-115.87,-618.95,-55.17,501.11,918.21,2488.1,2370.73,2253.37,2306.13,1338.98,1147.47,956.64,327.61,1378.17,876.33,935.0,1003.61,1073.09,431.0,2172.6,1517.36,1307.36,1150.05,992.65,967.57,30.43,53.42,31.49,55.63,78.93,74.22,69.52,50.44,1689.88,32.91,34.46,36.49,40.09,950.5,1817.42,1346.98,756.96,1887.48,2563.7,2839.67,2763.38,2035.66,-238.99,-445.26,-647.19,-582.19,-519.2,-333.02,988.34,-187.54,1450.97,1505.74,1560.5,1592.3,1624.09,1581.57,213.3,494.87,1724.67,1042.93,589.37,579.71,572.2,394.2,218.35,138.71,56.92,45.04,981.32,33.54,31.79,39.61,47.43,59.99,74.69,61.6,46.39,40.7,32.87,627.68,709.94,1553.75,2258.48,1942.41,1626.33,1830.86,2035.39,1930.48,1825.56,856.54,-66.52,1641.08,3207.91,2321.78,1397.09,2215.07,-0.32,1967.76,1087.43,455.06,801.42,864.64,926.6,931.89,936.58,1807.88,1858.14,1956.45,2054.77,1114.17,690.86,465.05,241.46,1027.02,1652.32,1009.48,78.74,1612.98,34.97,62.27,798.8,805.42,1599.52,51.21,1593.05,1600.99,1608.93,1333.16,43.51,1594.37,1590.22,386.69,738.18,649.83,561.48,668.95,1613.05,1466.05,1305.93,1063.49,871.87,898.73,159.91,852.7,3062.18,2655.08,2247.98,1930.27,1612.56,1173.03,138.1,213.35,286.41,1827.57,1833.97,1582.06,981.67,331.92,473.14,1121.33,2074.66,1910.6,1746.54,993.57,921.69,913.61,62.96,51.35,32.01,31.27,30.54,44.98,51.7,1304.12,62.57,858.29,854.79,841.56,1332.08,2065.17,2503.18,2152.46,1801.73,1664.0,-28.75,-31.21,-35.86,-49.3,-60.58,1464.62,-8.95,802.55,766.5,1116.09,1462.29,1188.89,911.3,831.0,746.61,787.04,826.38,925.23,1049.47,1071.23,1077.54,1052.63,1580.26,302.48,1583.87,1502.74,1421.6,1373.07,30.89,55.29
P_EL_HP,0.0,0.0,0.0,0.0,327.21,544.91,0.0,270.99,1362.59,547.44,550.63,555.82,1.99,0.0,0.0,0.0,0.0,0.0,0.0,0.0,0.0,0.0,509.44,1397.06,0.0,0.0,1230.57,605.87,601.44,600.7,0.0,1200.05,599.78,0.0,2.04,2.04,0.0,2.05,1431.53,1431.53,1431.53,1402.5,734.86,733.75,732.58,727.31,482.13,2.11,0.0,203.81,1472.08,1474.11,1476.14,687.84,689.54,0.0,1379.79,692.94,2.16,0.0,0.0,2.18,0.0,0.0,0.0,2.18,1384.08,1484.25,1451.8,0.0,3.65,0.0,0.0,0.0,0.0,0.0,1378.81,0.0,1411.25,1241.49,481.35,507.99,534.89,571.03,607.62,636.03,664.64,0.0,0.0,1538.99,1549.13,847.71,0.0,1587.66,854.83,815.37,0.0,821.05,824.57,828.73,832.89,836.09,839.3,0.0,3.98,3.98,0.0,3.99,0.0,568.88,0.0,0.0,910.88,1660.65,1638.35,1609.96,0.0,2.23,0.0,503.94,0.0,1023.32,1476.14,1478.16,1480.19,0.0,914.62,505.56,544.08,572.22,600.57,657.9,716.29,772.36,3.9,1634.29,1044.07,952.53,953.96,946.89,939.71,935.75,931.64,928.39,0.0,2.46,0.0,302.06,1723.51,1725.54,1727.56,4.05,0.0,0.0,0.0,62.63,4.06,2.5,0.0,965.43,981.87,984.56,1447.41,1630.24,1593.74,0.0,0.0,3.75,0.0,157.62,1468.02,1466.0,1463.97,1476.14,468.38,501.74,535.78,0.0,1143.8,629.34,675.39,724.12,773.73,0.0,1609.96,1046.2,927.69,925.37,922.94,917.5,0.0,22.46,0.0,2.42,4.0,4.0,4.01,2.43,1659.36,2.42,4.0,2.43,2.43,872.55,1699.18,910.59,2.43,893.71,1330.7,1652.54,1622.13,1585.63,2.21,0.0,2.13,2.07,-0.0,131.95,1399.08,0.0,1415.31,1429.5,1443.69,1447.75,1451.8,1388.78,0.0,261.93,1472.08,621.95,0.0,0.0,2.14,-0.0,0.0,2.14,2.14,2.14,950.3,2.14,0.0,0.0,0.0,0.0,2.13,2.13,0.0,2.12,2.11,579.59,644.51,1123.78,1463.97,1459.91,1455.86,1455.86,1455.86,1466.0,1476.14,715.09,0.0,816.56,1492.36,765.46,0.0,1516.69,0.0,1543.05,237.68,0.0,741.06,738.84,735.37,734.06,732.15,1551.16,1549.13,1549.13,1549.13,515.92,0.0,0.0,2.23,859.86,1557.24,923.69,2.22,1557.24,0.0,29.27,767.77,760.66,1541.02,0.0,1549.13,1551.16,1553.19,1284.65,2.22,1557.24,1557.24,2.23,2.24,2.24,2.24,2.24,838.87,887.09,922.2,853.73,836.08,800.88,0.0,0.0,1516.69,1516.69,1516.69,1516.69,1516.69,1056.05,0.0,2.19,2.2,1536.97,1536.97,1340.42,795.39,2.21,0.0,624.02,1553.19,1551.16,1549.13,860.8,853.56,848.07,0.0,3.86,0.0,0.0,0.0,3.87,0.0,1248.13,2.28,796.46,791.43,787.09,1286.5,1581.57,1581.57,1577.52,1573.46,1565.35,2.22,2.2,0.0,0.0,2.17,1500.47,0.0,779.86,712.17,696.01,676.45,664.79,648.94,644.18,635.34,629.67,622.9,561.12,524.73,517.47,494.76,605.9,1269.58,0.0,1289.59,1283.51,1277.42,1285.54,0.0,3.48
P_PV,0.0,0.0,0.0,0.0,0.0,0.0,0.0,0.0,0.0,0.0,0.0,0.0,0.0,0.0,0.0,57.51,115.02,137.43,159.84,155.26,150.68,143.88,137.09,108.78,80.46,67.44,54.42,35.26,16.1,8.05,0.0,0.0,0.0,0.0,0.0,0.0,0.0,0.0,0.0,0.0,0.0,0.0,0.0,0.0,0.0,0.0,0.0,0.0,0.0,0.0,0.0,0.0,0.0,0.0,0.0,0.0,0.0,0.0,0.0,0.0,0.0,0.0,0.0,29.0,58.0,140.8,223.6,382.79,541.98,647.13,752.28,759.81,767.33,656.07,544.81,347.11,149.41,74.71,0.0,0.0,0.0,0.0,0.0,0.0,0.0,0.0,0.0,0.0,0.0,0.0,0.0,0.0,0.0,0.0,0.0,0.0,0.0,0.0,0.0,0.0,0.0,0.0,0.0,0.0,0.0,0.0,0.0,0.0,0.0,0.0,0.0,30.63,61.26,145.49,229.73,391.83,553.93,657.22,760.5,764.68,768.85,655.14,541.43,347.97,154.51,77.25,0.0,0.0,0.0,0.0,0.0,0.0,0.0,0.0,0.0,0.0,0.0,0.0,0.0,0.0,0.0,0.0,0.0,0.0,0.0,0.0,0.0,0.0,0.0,0.0,0.0,0.0,0.0,0.0,0.0,0.0,0.0,0.0,0.0,30.28,60.56,145.23,229.89,392.9,555.92,657.1,758.28,760.77,763.27,653.1,542.92,352.12,161.32,80.66,0.0,0.0,0.0,0.0,0.0,0.0,0.0,0.0,0.0,0.0,0.0,0.0,0.0,0.0,0.0,0.0,0.0,0.0,0.0,0.0,0.0,0.0,0.0,0.0,0.0,0.0,0.0,0.0,0.0,0.0,0.0,0.0,0.0,31.52,63.04,151.75,240.46,403.68,566.89,669.05,771.21,719.15,667.08,568.97,470.85,271.08,71.32,35.66,0.0,0.0,0.0,0.0,0.0,0.0,0.0,0.0,0.0,0.0,0.0,0.0,0.0,0.0,0.0,0.0,0.0,0.0,0.0,0.0,0.0,0.0,0.0,0.0,0.0,0.0,0.0,0.0,0.0,0.0,0.0,0.0,0.0,61.07,122.14,128.33,134.53,138.16,141.79,131.55,121.32,108.05,94.78,71.69,48.6,34.12,19.63,9.82,0.0,0.0,0.0,0.0,0.0,0.0,0.0,0.0,0.0,0.0,0.0,0.0,0.0,0.0,0.0,0.0,0.0,0.0,0.0,0.0,0.0,0.0,0.0,0.0,0.0,0.0,0.0,0.0,0.0,0.0,0.0,0.0,0.0,25.15,50.31,146.99,243.67,257.71,271.74,212.08,152.41,181.62,210.83,184.02,157.21,98.0,38.79,19.4,0.0,0.0,0.0,0.0,0.0,0.0,0.0,0.0,0.0,0.0,0.0,0.0,0.0,0.0,0.0,0.0,0.0,0.0,0.0,0.0,0.0,0.0,0.0,0.0,0.0,0.0,0.0,0.0,0.0,0.0,0.0,0.0,0.0,58.74,117.47,126.56,135.65,133.81,131.97,123.38,114.78,92.93,71.07,62.93,54.8,38.63,22.47,11.23,0.0,0.0,0.0,0.0,0.0,0.0,0.0,0.0,0.0,0.0,0.0,0.0,0.0,0.0,0.0,0.0,0.0,0.0
COP_Carnot,0.0,0.0,0.0,0.0,9.254,9.212,0.0,9.171,9.171,9.13,9.09,9.037,8.984,0.0,0.0,0.0,0.0,0.0,0.0,0.0,0.0,0.0,8.906,8.945,0.0,0.0,9.01,8.971,8.932,8.893,0.0,8.842,8.83,0.0,8.754,8.742,0.0,8.729,8.729,8.729,8.729,8.705,8.68,8.632,8.584,8.548,8.512,8.466,0.0,8.454,8.489,8.477,8.466,8.419,8.374,0.0,8.351,8.317,8.284,0.0,0.0,8.206,0.0,0.0,0.0,8.195,8.239,8.419,8.608,0.0,4.895,0.0,0.0,0.0,0.0,0.0,9.063,0.0,8.855,8.693,8.536,8.489,8.442,8.385,8.328,8.295,8.261,0.0,0.0,8.12,8.067,8.004,0.0,7.871,7.801,7.742,0.0,7.637,7.59,7.553,7.516,7.498,7.479,0.0,4.486,4.486,0.0,4.48,0.0,7.39,0.0,0.0,7.425,7.525,7.627,7.762,0.0,8.004,0.0,8.25,0.0,8.431,8.466,8.454,8.442,0.0,8.351,8.217,8.088,8.056,8.025,7.942,7.861,7.791,4.581,7.646,7.571,7.543,7.516,7.479,7.443,7.39,7.337,7.302,0.0,7.251,0.0,7.242,7.251,7.242,7.234,4.408,0.0,0.0,0.0,7.158,4.394,7.133,0.0,7.158,7.2,7.346,7.498,7.665,7.841,0.0,0.0,4.756,0.0,8.466,8.512,8.524,8.536,8.466,8.396,8.295,8.195,0.0,8.174,8.12,8.067,7.983,7.901,0.0,7.762,7.675,7.59,7.543,7.498,7.461,0.0,7.407,0.0,7.372,4.462,4.459,4.456,7.354,7.372,7.363,4.462,7.354,7.354,7.354,7.354,7.354,7.354,7.39,7.425,7.562,7.704,7.881,8.067,0.0,8.396,8.632,0.0,8.906,8.932,0.0,8.83,8.742,8.656,8.632,8.608,8.524,0.0,8.466,8.489,8.442,0.0,0.0,8.328,-0.0,0.0,8.34,8.351,8.351,8.351,8.351,0.0,0.0,0.0,0.0,8.374,8.385,0.0,8.419,8.442,8.466,8.489,8.512,8.536,8.56,8.584,8.584,8.584,8.524,8.466,8.408,0.0,8.362,8.374,8.34,0.0,8.239,0.0,8.099,8.025,0.0,8.025,8.035,8.046,8.046,8.046,8.056,8.067,8.067,8.067,8.025,0.0,0.0,8.004,8.014,8.025,8.025,8.025,8.025,0.0,8.035,8.046,8.077,8.109,0.0,8.067,8.056,8.046,8.035,8.025,8.025,8.025,7.994,7.963,7.963,7.963,7.973,7.983,8.004,8.025,8.067,8.109,8.163,0.0,0.0,8.239,8.239,8.239,8.239,8.239,8.195,0.0,8.141,8.131,8.131,8.131,8.109,8.088,8.077,0.0,8.056,8.046,8.056,8.067,8.014,7.963,7.922,0.0,4.625,0.0,0.0,0.0,4.615,0.0,7.821,7.821,7.841,7.861,7.881,7.901,7.901,7.901,7.922,7.942,7.983,8.025,8.109,0.0,0.0,8.239,8.328,0.0,8.477,8.536,8.584,8.632,8.693,8.754,8.779,8.804,8.817,8.83,8.932,9.037,9.199,9.366,9.452,9.54,0.0,9.69,9.736,9.783,9.721,0.0,5.133
c_grid,0.00035,0.00035,0.00035,0.00035,0.00035,0.00035,0.00035,0.00035,0.00035,0.00035,0.00035,0.00035,0.00035,0.00035,0.00035,0.00035,0.00035,0.00035,0.00035,0.00035,0.00035,0.00035,0.00035,0.00035,0.00035,0.00035,0.00035,0.00035,0.00035,0.00035,0.00035,0.00035,0.00035,0.00035,0.00035,0.00035,0.00035,0.00035,0.00035,0.00035,0.00035,0.00035,0.00035,0.00035,0.00035,0.00035,0.00035,0.00035,0.00035,0.00035,0.00035,0.00035,0.00035,0.00035,0.00035,0.00035,0.00035,0.00035,0.00035,0.00035,0.00035,0.00035,0.00035,0.00035,0.00035,0.00035,0.00035,0.00035,0.00035,0.00035,0.00035,0.00035,0.00035,0.00035,0.00035,0.00035,0.00035,0.00035,0.00035,0.00035,0.00035,0.00035,0.00035,0.00035,0.00035,0.00035,0.00035,0.00035,0.00035,0.00035,0.00035,0.00035,0.00035,0.00035,0.00035,0.00035,0.00035,0.00035,0.00035,0.00035,0.00035,0.00035,0.00035,0.00035,0.00035,0.00035,0.00035,0.00035,0.00035,0.00035,0.00035,0.00035,0.00035,0.00035,0.00035,0.00035,0.00035,0.00035,0.00035,0.00035,0.00035,0.00035,0.00035,0.00035,0.00035,0.00035,0.00035,0.00035,0.00035,0.00035,0.00035,0.00035,0.00035,0.00035,0.00035,0.00035,0.00035,0.00035,0.00035,0.00035,0.00035,0.00035,0.00035,0.00035,0.00035,0.00035,0.00035,0.00035,0.00035,0.00035,0.00035,0.00035,0.00035,0.00035,0.00035,0.00035,0.00035,0.00035,0.00035,0.00035,0.00035,0.00035,0.00035,0.00035,0.00035,0.00035,0.00035,0.00035,0.00035,0.00035,0.00035,0.00035,0.00035,0.00035,0.00035,0.00035,0.00035,0.00035,0.00035,0.00035,0.00035,0.00035,0.00035,0.00035,0.00035,0.00035,0.00035,0.00035,0.00035,0.00035,0.00035,0.00035,0.00035,0.00035,0.00035,0.00035,0.00035,0.00035,0.00035,0.00035,0.00035,0.00035,0.00035,0.00035,0.00035,0.00035,0.00035,0.00035,0.00035,0.00035,0.00035,0.00035,0.00035,0.00035,0.00035,0.00035,0.00035,0.00035,0.00035,0.00035,0.00035,0.00035,0.00035,0.00035,0.00035,0.00035,0.00035,0.00035,0.00035,0.00035,0.00035,0.00035,0.00035,0.00035,0.00035,0.00035,0.00035,0.00035,0.00035,0.00035,0.00035,0.00035,0.00035,0.00035,0.00035,0.00035,0.00035,0.00035,0.00035,0.00035,0.00035,0.00035,0.00035,0.00035,0.00035,0.00035,0.00035,0.00035,0.00035,0.00035,0.00035,0.00035,0.00035,0.00035,0.00035,0.00035,0.00035,0.00035,0.00035,0.00035,0.00035,0.00035,0.00035,0.00035,0.00035,0.00035,0.00035,0.00035,0.00035,0.00035,0.00035,0.00035,0.00035,0.00035,0.00035,0.00035,0.00035,0.00035,0.00035,0.00035,0.00035,0.00035,0.00035,0.00035,0.00035,0.00035,0.00035,0.00035,0.00035,0.00035,0.00035,0.00035,0.00035,0.00035,0.00035,0.00035,0.00035,0.00035,0.00035,0.00035,0.00035,0.00035,0.00035,0.00035,0.00035,0.00035,0.00035,0.00035,0.00035,0.00035,0.00035,0.00035,0.00035,0.00035,0.00035,0.00035,0.00035,0.00035,0.00035,0.00035,0.00035,0.00035,0.00035,0.00035,0.00035,0.00035,0.00035,0.00035,0.00035,0.00035,0.00035,0.00035,0.00035,0.00035,0.00035,0.00035,0.00035,0.00035,0.00035,0.00035,0.00035,0.00035,0.00035,0.00035,0.00035,0.00035,0.00035,0.00035,0.00035,0.00035,0.00035,0.00035,0.00035,0.00035,0.00035,0.00035,0.00035,0.00035,0.00035,0.00035,0.00035,0.00035,0.00035,0.00035,0.00035,0.00035,0.00035,0.00035,0.00035,0.00035,0.00035,0.00035,0.00035,0.00035
c_el_power,0.0108,0.0165,0.0221,0.0166,0.0112,0.017,0.0228,0.0182,0.0137,0.0142,0.0147,0.1245,0.2343,0.1647,0.095,0.1454,0.1958,0.2003,0.2049,0.2207,0.2365,0.2957,0.3549,0.1868,0.0,0.2092,0.3996,0.3995,0.3993,0.2122,0.025,0.0453,0.0656,0.0741,0.0827,0.0945,0.1063,0.1526,0.199,0.1572,0.1154,0.1194,0.1235,0.0792,0.035,0.0228,0.0106,0.0156,0.0206,0.0235,0.0264,0.0209,0.0155,0.0134,0.0112,0.011,0.0108,0.0107,0.0107,0.0877,0.1647,0.1699,0.1751,0.1742,0.1732,0.2098,0.2463,0.2331,0.2199,0.0,0.0,0.0,0.0,0.0,0.0,0.0,0.0214,0.0,0.0293,0.0575,0.0857,0.0924,0.0991,0.1309,0.1626,0.1799,0.1973,0.13,0.0627,0.0645,0.0663,0.077,0.0876,0.0556,0.0236,0.0171,0.0106,0.0106,0.0106,0.0149,0.0192,0.025,0.0309,0.0214,0.012,0.0116,0.0113,0.0126,0.014,0.1125,0.2111,0.1275,0.044,0.1869,0.3298,0.2054,0.0,0.0,0.0,0.299,0.5853,0.524,0.4627,0.299,0.1352,0.0812,0.0271,0.0439,0.0607,0.1043,0.1479,0.1128,0.0778,0.0713,0.0649,0.1096,0.1543,0.1591,0.1638,0.1024,0.041,0.0277,0.0143,0.0126,0.011,0.0161,0.0211,0.0195,0.0178,0.0167,0.0156,0.0131,0.0106,0.0217,0.0328,0.1352,0.2376,0.2671,0.2966,0.2051,0.1135,0.1171,0.1207,0.2254,0.3301,0.0,0.0,0.0,0.4425,0.4948,0.547,0.4399,0.3328,0.3187,0.3047,0.226,0.1473,0.1147,0.082,0.0864,0.0909,0.0978,0.1048,0.1508,0.1969,0.1649,0.1329,0.0786,0.0244,0.0175,0.0106,0.0108,0.011,0.0186,0.0262,0.0246,0.0229,0.0168,0.0107,0.0107,0.0107,0.0119,0.0132,0.0273,0.0414,0.1527,0.2641,0.3589,0.4536,0.4686,0.4836,0.2988,0.0,0.0,0.0,0.0,0.0,0.0,0.021,0.0,0.0374,0.0392,0.0409,0.0506,0.0603,0.0675,0.0747,0.0815,0.0884,0.1473,0.2063,0.2029,0.1995,0.138,0.0764,0.0478,0.0192,0.015,0.0109,0.011,0.0111,0.0139,0.0166,0.021,0.0254,0.0208,0.0162,0.0135,0.0108,0.0168,0.0229,0.1505,0.2781,0.1689,0.0597,0.1526,0.2456,0.2075,0.1694,0.0979,0.0,0.3346,0.6429,0.5825,0.5222,0.2695,0.0,0.1606,0.3043,0.1627,0.0211,0.044,0.0669,0.0692,0.0716,0.0899,0.1082,0.1426,0.177,0.2094,0.2418,0.1628,0.0837,0.0585,0.0333,0.03,0.0268,0.0195,0.0122,0.0115,0.0109,0.0157,0.0205,0.0179,0.0154,0.0174,0.0195,0.017,0.0144,0.013,0.0115,0.1346,0.2576,0.2355,0.2133,0.2848,0.3562,0.2928,0.2294,0.1476,0.0659,0.0978,0.1298,0.3629,0.5959,0.4327,0.2695,0.1515,0.0336,0.0409,0.0483,0.0739,0.0995,0.1017,0.104,0.0846,0.0652,0.1154,0.1656,0.1741,0.1825,0.1258,0.0691,0.0465,0.0238,0.0229,0.022,0.0166,0.0112,0.0109,0.0107,0.0144,0.0181,0.0196,0.0211,0.0216,0.0222,0.0191,0.016,0.1693,0.3226,0.2218,0.121,0.0788,0.0,0.0,0.0,0.0,0.0,0.02,0.0,0.03,0.0382,0.1606,0.2829,0.1874,0.0918,0.0654,0.0389,0.0551,0.0712,0.1274,0.1837,0.1938,0.204,0.1564,0.1087,0.1059,0.103,0.0767,0.0505,0.0306,0.0108,0.0181
c_heat_power,0.0,0.0,0.0,0.0,0.1145,0.1907,0.0,0.0948,0.4769,0.1916,0.1927,0.1945,0.0007,0.0,0.0,0.0,0.0,0.0,0.0,0.0,0.0,0.0,0.1783,0.489,0.0,0.0,0.4307,0.2121,0.2105,0.2102,0.0,0.42,0.2099,0.0,0.0007,0.0007,0.0,0.0007,0.501,0.501,0.501,0.4909,0.2572,0.2568,0.2564,0.2546,0.1687,0.0007,0.0,0.0713,0.5152,0.5159,0.5166,0.2407,0.2413,0.0,0.4829,0.2425,0.0008,0.0,0.0,0.0008,0.0,0.0,0.0,0.0008,0.4844,0.5195,0.5081,0.0,0.0013,0.0,0.0,0.0,0.0,0.0,0.4826,0.0,0.4939,0.4345,0.1685,0.1778,0.1872,0.1999,0.2127,0.2226,0.2326,0.0,0.0,0.5386,0.5422,0.2967,0.0,0.5557,0.2992,0.2854,0.0,0.2874,0.2886,0.2901,0.2915,0.2926,0.2938,0.0,0.0014,0.0014,0.0,0.0014,0.0,0.1991,0.0,0.0,0.3188,0.5812,0.5734,0.5635,0.0,0.0008,0.0,0.1764,0.0,0.3582,0.5166,0.5174,0.5181,0.0,0.3201,0.1769,0.1904,0.2003,0.2102,0.2303,0.2507,0.2703,0.0014,0.572,0.3654,0.3334,0.3339,0.3314,0.3289,0.3275,0.3261,0.3249,0.0,0.0009,0.0,0.1057,0.6032,0.6039,0.6046,0.0014,0.0,0.0,0.0,0.0219,0.0014,0.0009,0.0,0.3379,0.3437,0.3446,0.5066,0.5706,0.5578,0.0,0.0,0.0013,0.0,0.0552,0.5138,0.5131,0.5124,0.5166,0.1639,0.1756,0.1875,0.0,0.4003,0.2203,0.2364,0.2534,0.2708,0.0,0.5635,0.3662,0.3247,0.3239,0.323,0.3211,0.0,0.0079,0.0,0.0008,0.0014,0.0014,0.0014,0.0008,0.5808,0.0008,0.0014,0.0008,0.0008,0.3054,0.5947,0.3187,0.0008,0.3128,0.4657,0.5784,0.5677,0.555,0.0008,0.0,0.0007,0.0007,-0.0,0.0462,0.4897,0.0,0.4954,0.5003,0.5053,0.5067,0.5081,0.4861,0.0,0.0917,0.5152,0.2177,0.0,0.0,0.0008,-0.0,0.0,0.0007,0.0007,0.0007,0.3326,0.0007,0.0,0.0,0.0,0.0,0.0007,0.0007,0.0,0.0007,0.0007,0.2029,0.2256,0.3933,0.5124,0.511,0.5096,0.5096,0.5096,0.5131,0.5166,0.2503,0.0,0.2858,0.5223,0.2679,0.0,0.5308,0.0,0.5401,0.0832,0.0,0.2594,0.2586,0.2574,0.2569,0.2563,0.5429,0.5422,0.5422,0.5422,0.1806,0.0,0.0,0.0008,0.301,0.545,0.3233,0.0008,0.545,0.0,0.0102,0.2687,0.2662,0.5394,0.0,0.5422,0.5429,0.5436,0.4496,0.0008,0.545,0.545,0.0008,0.0008,0.0008,0.0008,0.0008,0.2936,0.3105,0.3228,0.2988,0.2926,0.2803,0.0,0.0,0.5308,0.5308,0.5308,0.5308,0.5308,0.3696,0.0,0.0008,0.0008,0.5379,0.5379,0.4691,0.2784,0.0008,0.0,0.2184,0.5436,0.5429,0.5422,0.3013,0.2987,0.2968,0.0,0.0014,0.0,0.0,0.0,0.0014,0.0,0.4368,0.0008,0.2788,0.277,0.2755,0.4503,0.5536,0.5536,0.5521,0.5507,0.5479,0.0008,0.0008,0.0,0.0,0.0008,0.5252,0.0,0.273,0.2493,0.2436,0.2368,0.2327,0.2271,0.2255,0.2224,0.2204,0.218,0.1964,0.1837,0.1811,0.1732,0.2121,0.4444,0.0,0.4514,0.4492,0.4471,0.4499,0.0,0.0012
c_penalty,0.0,0.0,0.0,0.0,0.0,0.0,0.0,0.0,0.0,0.0,0.0,0.0,0.0,0.0,0.0,0.0,0.0,0.0,0.0,0.0,0.0,0.0,0.0,0.0,0.0,0.0,0.0,0.0,0.0,0.0,0.0,0.0,0.0,0.0,0.0,0.0,0.0,0.0,0.0,0.0,0.0,0.0,0.0,0.0,0.0,0.0,0.0,0.0,0.0,0.0,0.0,0.0,0.0,0.0,0.0,0.0,0.0,0.0,0.0,0.0,0.0,0.0,0.0,0.0,0.0,0.0,0.0,0.0,0.0,0.0,0.0,0.0,0.0,0.0,0.0,0.0,0.0,0.0,0.0,0.0,0.0,0.0,0.0,0.0,0.0,0.0,0.0,0.0,0.0,0.0,0.0,0.0,0.0,0.0,0.0,0.0,0.0,0.0,0.0,0.0,0.0,0.0,0.0,0.0,0.0,0.0,0.0,0.0,0.0,0.0,0.0,0.0,0.0,0.0,0.0,0.0,0.0,0.0,0.0,0.0,0.0,0.0,0.0,0.0,0.0,0.0,0.0,0.0,0.0,0.0,0.0,0.0,0.0,0.0,0.0,0.0,0.0,0.0,0.0,0.0,0.0,0.0,0.0,0.0,0.0,0.0,0.0,0.0,0.0,0.0,0.0,0.0,0.0,0.0,0.0,0.0,0.0,0.0,0.0,0.0,0.0,0.0,0.0,0.0,0.0,0.0,0.0,0.0,0.0,0.0,0.0,0.0,0.0,0.0,0.0,0.0,0.0,0.0,0.0,0.0,0.0,0.0,0.0,0.0,0.0,0.0,0.0,0.0,0.0,0.0,0.0,0.0,0.0,0.0,0.0,0.0,0.0,0.0,0.0,0.0,0.0,0.0,0.0,0.0,0.0,0.0,0.0,0.0,0.0,0.0,0.0,0.0,0.0,0.0,0.0,0.0,0.0,0.0,0.0,0.0,0.0,0.0,0.0,0.0,0.0,0.0,0.0,0.0,0.0,0.0,0.0,0.0,0.0,0.0,0.0,0.0,0.0,0.0,0.0,0.0,0.0,0.0,0.0,0.0,0.0,0.0,0.0,0.0,0.0,0.0,0.0,0.0,0.0,0.0,0.0,0.0,0.0,0.0,0.0,0.0,0.0,0.0,0.0,0.0,0.0,0.0,0.0,0.0,0.0,0.0,0.0,0.0,0.0,0.0,0.0,0.0,0.0,0.0,0.0,0.0,0.0,0.0,0.0,0.0,0.0,0.0,0.0,0.0,0.0,0.0,0.0,0.0,0.0,0.0,0.0,0.0,0.0,0.0,0.0,0.0,0.0,0.0,0.0,0.0,0.0,0.0,0.0,0.0,0.0,0.0,0.0,0.0,0.0,0.0,0.0,0.0,0.0,0.0,0.0,0.0,0.0,0.0,0.0,0.0,0.0,0.0,0.0,0.0,0.0,0.0,0.0,0.0,0.0,0.0,0.0,0.0,0.0,0.0,0.0,0.0,0.0,0.0,0.0,0.0,0.0,0.0,0.0,0.0,0.0,0.0,0.0,0.0,0.0,0.0,0.0,0.0,0.0,0.0,0.0,0.0,0.1025,0.0,0.0,0.0,0.0,0.0,0.0,0.0,0.0,0.0,0.0,0.0,0.0,0.0,0.0,0.0,0.0,0.0,0.0,0.0,0.0,0.0,0.0,0.0
c_revenue,0.0,0.0,0.0,0.0,0.0,0.0,0.0,0.0,0.0,0.0,0.0,0.0,0.0,0.0,0.0,0.0,0.0,0.0,0.0,0.0,0.0,0.0,0.0,0.0,-0.0016,0.0,0.0,0.0,0.0,0.0,0.0,0.0,0.0,0.0,0.0,0.0,0.0,0.0,0.0,0.0,0.0,0.0,0.0,0.0,0.0,0.0,0.0,0.0,0.0,0.0,0.0,0.0,0.0,0.0,0.0,0.0,0.0,0.0,0.0,0.0,0.0,0.0,0.0,0.0,0.0,0.0,0.0,0.0,0.0,-0.0165,-0.038,-0.0289,-0.0196,-0.0122,-0.0047,-0.005,0.0,-0.0001,0.0,0.0,0.0,0.0,0.0,0.0,0.0,0.0,0.0,0.0,0.0,0.0,0.0,0.0,0.0,0.0,0.0,0.0,0.0,0.0,0.0,0.0,0.0,0.0,0.0,0.0,0.0,0.0,0.0,0.0,0.0,0.0,0.0,0.0,0.0,0.0,0.0,0.0,-0.0194,-0.0313,-0.0435,0.0,0.0,0.0,0.0,0.0,0.0,0.0,0.0,0.0,0.0,0.0,0.0,0.0,0.0,0.0,0.0,0.0,0.0,0.0,0.0,0.0,0.0,0.0,0.0,0.0,0.0,0.0,0.0,0.0,0.0,0.0,0.0,0.0,0.0,0.0,0.0,0.0,0.0,0.0,0.0,0.0,0.0,0.0,0.0,0.0,0.0,-0.007,-0.0371,-0.0033,0.0,0.0,0.0,0.0,0.0,0.0,0.0,0.0,0.0,0.0,0.0,0.0,0.0,0.0,0.0,0.0,0.0,0.0,0.0,0.0,0.0,0.0,0.0,0.0,0.0,0.0,0.0,0.0,0.0,0.0,0.0,0.0,0.0,0.0,0.0,0.0,0.0,0.0,0.0,0.0,0.0,0.0,0.0,0.0,-0.0143,-0.0267,-0.0388,-0.0349,-0.0312,-0.02,0.0,-0.0113,0.0,0.0,0.0,0.0,0.0,0.0,0.0,0.0,0.0,0.0,0.0,0.0,0.0,0.0,0.0,0.0,0.0,0.0,0.0,0.0,0.0,0.0,0.0,0.0,0.0,0.0,0.0,0.0,0.0,0.0,0.0,0.0,0.0,0.0,0.0,0.0,0.0,0.0,0.0,0.0,-0.004,0.0,0.0,0.0,0.0,0.0,-0.0,0.0,0.0,0.0,0.0,0.0,0.0,0.0,0.0,0.0,0.0,0.0,0.0,0.0,0.0,0.0,0.0,0.0,0.0,0.0,0.0,0.0,0.0,0.0,0.0,0.0,0.0,0.0,0.0,0.0,0.0,0.0,0.0,0.0,0.0,0.0,0.0,0.0,0.0,0.0,0.0,0.0,0.0,0.0,0.0,0.0,0.0,0.0,0.0,0.0,0.0,0.0,0.0,0.0,0.0,0.0,0.0,0.0,0.0,0.0,0.0,0.0,0.0,0.0,0.0,0.0,0.0,0.0,0.0,0.0,0.0,0.0,0.0,0.0,0.0,0.0,0.0,0.0,0.0,0.0,0.0,0.0,0.0,0.0,0.0,0.0,0.0,0.0,-0.0017,-0.0019,-0.0022,-0.003,-0.0036,0.0,-0.0005,0.0,0.0,0.0,0.0,0.0,0.0,0.0,0.0,0.0,0.0,0.0,0.0,0.0,0.0,0.0,0.0,0.0,0.0,0.0,0.0,0.0,0.0,0.0
c_cost,0.01,0.02,0.02,0.02,0.13,0.21,0.02,0.11,0.49,0.21,0.21,0.32,0.24,0.16,0.1,0.15,0.2,0.2,0.2,0.22,0.24,0.3,0.53,0.68,-0.0,0.21,0.83,0.61,0.61,0.42,0.03,0.47,0.28,0.07,0.08,0.1,0.11,0.15,0.7,0.66,0.62,0.61,0.38,0.34,0.29,0.28,0.18,0.02,0.02,0.09,0.54,0.54,0.53,0.25,0.25,0.01,0.49,0.25,0.01,0.09,0.16,0.17,0.18,0.17,0.17,0.21,0.73,0.75,0.73,-0.02,-0.04,-0.03,-0.02,-0.01,-0.0,-0.01,0.5,-0.0,0.52,0.49,0.25,0.27,0.29,0.33,0.38,0.4,0.43,0.13,0.06,0.6,0.61,0.37,0.09,0.61,0.32,0.3,0.01,0.3,0.3,0.3,0.31,0.32,0.32,0.02,0.01,0.01,0.01,0.01,0.01,0.31,0.21,0.13,0.36,0.77,0.9,0.77,-0.02,-0.03,-0.04,0.48,0.59,0.88,0.98,0.82,0.65,0.08,0.35,0.22,0.25,0.3,0.36,0.34,0.33,0.34,0.07,0.68,0.52,0.49,0.5,0.43,0.37,0.36,0.34,0.34,0.01,0.02,0.02,0.13,0.62,0.62,0.62,0.01,0.01,0.02,0.03,0.16,0.24,0.27,0.3,0.54,0.46,0.46,0.63,0.8,0.89,-0.01,-0.04,-0.0,0.44,0.55,1.06,0.95,0.85,0.84,0.47,0.4,0.33,0.11,0.48,0.31,0.33,0.35,0.38,0.15,0.76,0.53,0.46,0.4,0.35,0.34,0.01,0.02,0.01,0.02,0.03,0.03,0.02,0.02,0.59,0.01,0.01,0.01,0.01,0.33,0.64,0.47,0.26,0.67,0.92,1.05,1.05,0.85,-0.01,-0.03,-0.04,-0.03,-0.03,0.03,0.51,-0.01,0.53,0.54,0.55,0.56,0.57,0.55,0.07,0.17,0.6,0.37,0.21,0.2,0.2,0.14,0.08,0.05,0.02,0.02,0.34,0.01,0.01,0.01,0.02,0.02,0.03,0.02,0.02,0.01,0.01,0.22,0.25,0.54,0.79,0.68,0.57,0.66,0.76,0.72,0.69,0.35,-0.0,0.62,1.17,0.85,0.52,0.8,-0.0,0.7,0.39,0.16,0.28,0.3,0.32,0.33,0.33,0.63,0.65,0.68,0.72,0.39,0.24,0.16,0.08,0.36,0.58,0.35,0.03,0.56,0.01,0.02,0.28,0.28,0.56,0.02,0.56,0.56,0.56,0.47,0.02,0.56,0.56,0.14,0.26,0.24,0.21,0.29,0.65,0.6,0.55,0.45,0.36,0.38,0.13,0.36,1.13,0.96,0.8,0.68,0.56,0.41,0.05,0.07,0.1,0.64,0.64,0.55,0.34,0.12,0.17,0.39,0.73,0.67,0.61,0.35,0.32,0.32,0.02,0.02,0.01,0.01,0.01,0.02,0.02,0.46,0.02,0.3,0.3,0.29,0.47,0.72,0.88,0.77,0.67,0.63,-0.0,-0.0,-0.0,-0.0,-0.0,0.55,0.1,0.3,0.29,0.4,0.52,0.42,0.32,0.29,0.26,0.28,0.29,0.32,0.37,0.37,0.38,0.37,0.55,0.11,0.55,0.53,0.5,0.48,0.01,0.02
c_el_cost_ch,4.96,4.96,4.96,4.96,4.96,4.96,4.96,4.96,4.96,4.96,4.96,4.96,4.96,4.96,4.96,4.96,4.96,4.96,4.96,4.96,4.96,4.96,4.96,4.96,8.03,8.03,8.03,8.03,8.03,8.03,8.03,8.03,8.03,8.03,8.03,8.03,8.03,8.03,8.03,8.03,8.03,8.03,8.03,8.03,8.03,8.03,8.03,8.03,6.45,6.45,6.45,6.45,6.45,6.45,6.45,6.45,6.45,6.45,6.45,6.45,6.45,6.45,6.45,6.45,6.45,6.45,6.45,6.45,6.45,6.45,6.45,6.45,7.01,7.01,7.01,7.01,7.01,7.01,7.01,7.01,7.01,7.01,7.01,7.01,7.01,7.01,7.01,7.01,7.01,7.01,7.01,7.01,7.01,7.01,7.01,7.01,5.98,5.98,5.98,5.98,5.98,5.98,5.98,5.98,5.98,5.98,5.98,5.98,5.98,5.98,5.98,5.98,5.98,5.98,5.98,5.98,5.98,5.98,5.98,5.98,10.59,10.59,10.59,10.59,10.59,10.59,10.59,10.59,10.59,10.59,10.59,10.59,10.59,10.59,10.59,10.59,10.59,10.59,10.59,10.59,10.59,10.59,10.59,10.59,6.9,6.9,6.9,6.9,6.9,6.9,6.9,6.9,6.9,6.9,6.9,6.9,6.9,6.9,6.9,6.9,6.9,6.9,6.9,6.9,6.9,6.9,6.9,6.9,10.87,10.87,10.87,10.87,10.87,10.87,10.87,10.87,10.87,10.87,10.87,10.87,10.87,10.87,10.87,10.87,10.87,10.87,10.87,10.87,10.87,10.87,10.87,10.87,7.13,7.13,7.13,7.13,7.13,7.13,7.13,7.13,7.13,7.13,7.13,7.13,7.13,7.13,7.13,7.13,7.13,7.13,7.13,7.13,7.13,7.13,7.13,7.13,6.4,6.4,6.4,6.4,6.4,6.4,6.4,6.4,6.4,6.4,6.4,6.4,6.4,6.4,6.4,6.4,6.4,6.4,6.4,6.4,6.4,6.4,6.4,6.4,9.02,9.02,9.02,9.02,9.02,9.02,9.02,9.02,9.02,9.02,9.02,9.02,9.02,9.02,9.02,9.02,9.02,9.02,9.02,9.02,9.02,9.02,9.02,9.02,9.58,9.58,9.58,9.58,9.58,9.58,9.58,9.58,9.58,9.58,9.58,9.58,9.58,9.58,9.58,9.58,9.58,9.58,9.58,9.58,9.58,9.58,9.58,9.58,8.57,8.57,8.57,8.57,8.57,8.57,8.57,8.57,8.57,8.57,8.57,8.57,8.57,8.57,8.57,8.57,8.57,8.57,8.57,8.57,8.57,8.57,8.57,8.57,11.11,11.11,11.11,11.11,11.11,11.11,11.11,11.11,11.11,11.11,11.11,11.11,11.11,11.11,11.11,11.11,11.11,11.11,11.11,11.11,11.11,11.11,11.11,11.11,6.18,6.18,6.18,6.18,6.18,6.18,6.18,6.18,6.18,6.18,6.18,6.18,6.18,6.18,6.18,6.18,6.18,6.18,6.18,6.18,6.18,6.18,6.18,6.18,7.93,7.93,7.93,7.93,7.93,7.93,7.93,7.93,7.93,7.93,7.93,7.93,7.93,7.93,7.93,7.93,7.93,7.93,7.93,7.93,7.93,7.93,7.93,7.93
total_costs_ph,13.1935,13.1935,13.1935,13.1935,13.1935,13.1935,13.1935,13.1935,13.1935,13.1935,13.1935,13.1935,13.1935,13.1935,13.1935,13.1935,13.1935,13.1935,13.1935,13.1935,13.1935,13.1935,13.1935,13.1935,13.698,13.698,13.698,13.698,13.698,13.698,13.698,13.698,13.698,13.698,13.698,13.698,13.698,13.698,13.698,13.698,13.698,13.698,13.698,13.698,13.698,13.698,13.698,13.698,12.279,12.279,12.279,12.279,12.279,12.279,12.279,12.279,12.279,12.279,12.279,12.279,12.279,12.279,12.279,12.279,12.279,12.279,12.279,12.279,12.279,12.279,12.279,12.279,13.0063,13.0063,13.0063,13.0063,13.0063,13.0063,13.0063,13.0063,13.0063,13.0063,13.0063,13.0063,13.0063,13.0063,13.0063,13.0063,13.0063,13.0063,13.0063,13.0063,13.0063,13.0063,13.0063,13.0063,15.0254,15.0254,15.0254,15.0254,15.0254,15.0254,15.0254,15.0254,15.0254,15.0254,15.0254,15.0254,15.0254,15.0254,15.0254,15.0254,15.0254,15.0254,15.0254,15.0254,15.0254,15.0254,15.0254,15.0254,17.7128,17.7128,17.7128,17.7128,17.7128,17.7128,17.7128,17.7128,17.7128,17.7128,17.7128,17.7128,17.7128,17.7128,17.7128,17.7128,17.7128,17.7128,17.7128,17.7128,17.7128,17.7128,17.7128,17.7128,16.926,16.926,16.926,16.926,16.926,16.926,16.926,16.926,16.926,16.926,16.926,16.926,16.926,16.926,16.926,16.926,16.926,16.926,16.926,16.926,16.926,16.926,16.926,16.926,18.7089,18.7089,18.7089,18.7089,18.7089,18.7089,18.7089,18.7089,18.7089,18.7089,18.7089,18.7089,18.7089,18.7089,18.7089,18.7089,18.7089,18.7089,18.7089,18.7089,18.7089,18.7089,18.7089,18.7089,13.4452,13.4452,13.4452,13.4452,13.4452,13.4452,13.4452,13.4452,13.4452,13.4452,13.4452,13.4452,13.4452,13.4452,13.4452,13.4452,13.4452,13.4452,13.4452,13.4452,13.4452,13.4452,13.4452,13.4452,15.2232,15.2232,15.2232,15.2232,15.2232,15.2232,15.2232,15.2232,15.2232,15.2232,15.2232,15.2232,15.2232,15.2232,15.2232,15.2232,15.2232,15.2232,15.2232,15.2232,15.2232,15.2232,15.2232,15.2232,16.4644,16.4644,16.4644,16.4644,16.4644,16.4644,16.4644,16.4644,16.4644,16.4644,16.4644,16.4644,16.4644,16.4644,16.4644,16.4644,16.4644,16.4644,16.4644,16.4644,16.4644,16.4644,16.4644,16.4644,18.4249,18.4249,18.4249,18.4249,18.4249,18.4249,18.4249,18.4249,18.4249,18.4249,18.4249,18.4249,18.4249,18.4249,18.4249,18.4249,18.4249,18.4249,18.4249,18.4249,18.4249,18.4249,18.4249,18.4249,18.6776,18.6776,18.6776,18.6776,18.6776,18.6776,18.6776,18.6776,18.6776,18.6776,18.6776,18.6776,18.6776,18.6776,18.6776,18.6776,18.6776,18.6776,18.6776,18.6776,18.6776,18.6776,18.6776,18.6776,16.7805,16.7805,16.7805,16.7805,16.7805,16.7805,16.7805,16.7805,16.7805,16.7805,16.7805,16.7805,16.7805,16.7805,16.7805,16.7805,16.7805,16.7805,16.7805,16.7805,16.7805,16.7805,16.7805,16.7805,13.4985,13.4985,13.4985,13.4985,13.4985,13.4985,13.4985,13.4985,13.4985,13.4985,13.4985,13.4985,13.4985,13.4985,13.4985,13.4985,13.4985,13.4985,13.4985,13.4985,13.4985,13.4985,13.4985,13.4985,14.5948,14.5948,14.5948,14.5948,14.5948,14.5948,14.5948,14.5948,14.5948,14.5948,14.5948,14.5948,14.5948,14.5948,14.5948,14.5948,14.5948,14.5948,14.5948,14.5948,14.5948,14.5948,14.5948,14.5948
total_costs_ch,4.9612,4.9612,4.9612,4.9612,4.9612,4.9612,4.9612,4.9612,4.9612,4.9612,4.9612,4.9612,4.9612,4.9612,4.9612,4.9612,4.9612,4.9612,4.9612,4.9612,4.9612,4.9612,4.9612,4.9612,8.0258,8.0258,8.0258,8.0258,8.0258,8.0258,8.0258,8.0258,8.0258,8.0258,8.0258,8.0258,8.0258,8.0258,8.0258,8.0258,8.0258,8.0258,8.0258,8.0258,8.0258,8.0258,8.0258,8.0258,6.2875,6.2875,6.2875,6.2875,6.2875,6.2875,6.2875,6.2875,6.2875,6.2875,6.2875,6.2875,6.2875,6.2875,6.2875,6.2875,6.2875,6.2875,6.2875,6.2875,6.2875,6.2875,6.2875,6.2875,6.9288,6.9288,6.9288,6.9288,6.9288,6.9288,6.9288,6.9288,6.9288,6.9288,6.9288,6.9288,6.9288,6.9288,6.9288,6.9288,6.9288,6.9288,6.9288,6.9288,6.9288,6.9288,6.9288,6.9288,5.7881,5.7881,5.7881,5.7881,5.7881,5.7881,5.7881,5.7881,5.7881,5.7881,5.7881,5.7881,5.7881,5.7881,5.7881,5.7881,5.7881,5.7881,5.7881,5.7881,5.7881,5.7881,5.7881,5.7881,10.5875,10.5875,10.5875,10.5875,10.5875,10.5875,10.5875,10.5875,10.5875,10.5875,10.5875,10.5875,10.5875,10.5875,10.5875,10.5875,10.5875,10.5875,10.5875,10.5875,10.5875,10.5875,10.5875,10.5875,6.8035,6.8035,6.8035,6.8035,6.8035,6.8035,6.8035,6.8035,6.8035,6.8035,6.8035,6.8035,6.8035,6.8035,6.8035,6.8035,6.8035,6.8035,6.8035,6.8035,6.8035,6.8035,6.8035,6.8035,10.8676,10.8676,10.8676,10.8676,10.8676,10.8676,10.8676,10.8676,10.8676,10.8676,10.8676,10.8676,10.8676,10.8676,10.8676,10.8676,10.8676,10.8676,10.8676,10.8676,10.8676,10.8676,10.8676,10.8676,6.9036,6.9036,6.9036,6.9036,6.9036,6.9036,6.9036,6.9036,6.9036,6.9036,6.9036,6.9036,6.9036,6.9036,6.9036,6.9036,6.9036,6.9036,6.9036,6.9036,6.9036,6.9036,6.9036,6.9036,6.2721,6.2721,6.2721,6.2721,6.2721,6.2721,6.2721,6.2721,6.2721,6.2721,6.2721,6.2721,6.2721,6.2721,6.2721,6.2721,6.2721,6.2721,6.2721,6.2721,6.2721,6.2721,6.2721,6.2721,9.008,9.008,9.008,9.008,9.008,9.008,9.008,9.008,9.008,9.008,9.008,9.008,9.008,9.008,9.008,9.008,9.008,9.008,9.008,9.008,9.008,9.008,9.008,9.008,9.584,9.584,9.584,9.584,9.584,9.584,9.584,9.584,9.584,9.584,9.584,9.584,9.584,9.584,9.584,9.584,9.584,9.584,9.584,9.584,9.584,9.584,9.584,9.584,8.5688,8.5688,8.5688,8.5688,8.5688,8.5688,8.5688,8.5688,8.5688,8.5688,8.5688,8.5688,8.5688,8.5688,8.5688,8.5688,8.5688,8.5688,8.5688,8.5688,8.5688,8.5688,8.5688,8.5688,11.1133,11.1133,11.1133,11.1133,11.1133,11.1133,11.1133,11.1133,11.1133,11.1133,11.1133,11.1133,11.1133,11.1133,11.1133,11.1133,11.1133,11.1133,11.1133,11.1133,11.1133,11.1133,11.1133,11.1133,6.1517,6.1517,6.1517,6.1517,6.1517,6.1517,6.1517,6.1517,6.1517,6.1517,6.1517,6.1517,6.1517,6.1517,6.1517,6.1517,6.1517,6.1517,6.1517,6.1517,6.1517,6.1517,6.1517,6.1517,8.0312,8.0312,8.0312,8.0312,8.0312,8.0312,8.0312,8.0312,8.0312,8.0312,8.0312,8.0312,8.0312,8.0312,8.0312,8.0312,8.0312,8.0312,8.0312,8.0312,8.0312,8.0312,8.0312,8.0312
T_Air,275.05,274.95,274.85,274.85,274.85,274.7,274.55,274.55,274.55,274.4,274.25,274.05,273.85,273.65,273.45,273.4,273.35,273.3,273.25,273.25,273.25,273.4,273.55,273.7,273.85,273.9,273.95,273.8,273.65,273.5,273.35,273.3,273.25,273.1,272.95,272.9,272.85,272.85,272.85,272.85,272.85,272.75,272.65,272.45,272.25,272.1,271.95,271.75,271.55,271.7,271.85,271.8,271.75,271.55,271.35,271.3,271.25,271.1,270.95,270.85,270.75,270.6,270.45,270.4,270.35,270.55,270.75,271.55,272.35,272.7,273.05,273.45,273.85,273.9,273.95,274.05,274.15,273.75,273.35,272.7,272.05,271.85,271.65,271.4,271.15,271.0,270.85,270.65,270.45,270.2,269.95,269.65,269.35,269.0,268.65,268.35,268.05,267.8,267.55,267.35,267.15,267.05,266.95,266.8,266.65,266.65,266.65,266.55,266.45,266.45,266.45,266.55,266.65,267.2,267.75,268.45,269.15,269.65,270.15,270.8,271.45,271.6,271.75,271.7,271.65,271.45,271.25,270.65,270.05,269.9,269.75,269.35,268.95,268.6,268.25,267.85,267.45,267.3,267.15,266.95,266.75,266.45,266.15,265.95,265.75,265.65,265.55,265.6,265.65,265.6,265.55,265.3,265.05,265.1,265.15,265.1,265.05,264.95,264.85,265.1,265.35,266.2,267.05,267.95,268.85,269.65,270.45,271.0,271.55,271.75,271.95,272.0,272.05,271.75,271.45,271.0,270.55,270.5,270.45,270.2,269.95,269.55,269.15,268.8,268.45,268.0,267.55,267.3,267.05,266.85,266.65,266.55,266.45,266.35,266.25,266.2,266.15,266.25,266.35,266.3,266.25,266.25,266.25,266.25,266.25,266.25,266.25,266.45,266.65,267.4,268.15,269.05,269.95,270.7,271.45,272.45,273.45,273.55,273.65,273.45,273.25,272.9,272.55,272.45,272.35,272.0,271.65,271.75,271.85,271.65,271.45,271.3,271.15,271.15,271.15,271.2,271.25,271.25,271.25,271.25,271.25,271.25,271.25,271.3,271.35,271.4,271.45,271.55,271.65,271.75,271.85,271.95,272.05,272.15,272.25,272.25,272.25,272.0,271.75,271.5,271.25,271.3,271.35,271.2,271.05,270.75,270.45,270.1,269.75,269.75,269.75,269.8,269.85,269.85,269.85,269.9,269.95,269.95,269.95,269.75,269.55,269.6,269.65,269.7,269.75,269.75,269.75,269.75,269.75,269.8,269.85,270.0,270.15,270.05,269.95,269.9,269.85,269.8,269.75,269.75,269.75,269.6,269.45,269.45,269.45,269.5,269.55,269.65,269.75,269.95,270.15,270.4,270.65,270.7,270.75,270.75,270.75,270.75,270.75,270.55,270.35,270.3,270.25,270.25,270.25,270.15,270.05,270.0,269.95,269.9,269.85,269.9,269.95,269.7,269.45,269.25,269.05,268.95,268.85,268.85,268.85,268.8,268.75,268.75,268.75,268.85,268.95,269.05,269.15,269.15,269.15,269.25,269.35,269.55,269.75,270.15,270.55,270.65,270.75,271.15,271.55,271.8,272.05,272.25,272.45,272.7,272.95,273.05,273.15,273.2,273.25,273.65,274.05,274.65,275.25,275.55,275.85,276.1,276.35,276.5,276.65,276.45,276.25,276.3
T_HP_VL,0.0,0.0,0.0,0.0,308.15,308.15,0.0,308.15,308.15,308.15,308.15,308.15,308.15,0.0,0.0,0.0,0.0,0.0,0.0,0.0,0.0,0.0,308.15,308.15,0.0,0.0,308.15,308.15,308.15,308.15,0.0,308.15,308.15,0.0,308.15,308.15,0.0,308.15,308.15,308.15,308.15,308.15,308.15,308.15,308.15,308.15,308.15,308.15,0.0,308.15,308.15,308.15,308.15,308.15,308.15,0.0,308.15,308.15,308.15,0.0,0.0,308.15,0.0,0.0,0.0,308.15,308.15,308.15,308.15,0.0,343.15,0.0,0.0,0.0,0.0,0.0,308.15,0.0,308.15,308.15,308.15,308.15,308.15,308.15,308.15,308.15,308.15,0.0,0.0,308.15,308.15,308.15,0.0,308.15,308.15,308.15,0.0,308.15,308.15,308.15,308.15,308.15,308.15,0.0,343.15,343.15,0.0,343.15,0.0,308.15,0.0,0.0,308.15,308.15,308.15,308.15,0.0,308.15,0.0,308.15,0.0,308.15,308.15,308.15,308.15,0.0,308.15,308.15,308.15,308.15,308.15,308.15,308.15,308.15,343.15,308.15,308.15,308.15,308.15,308.15,308.15,308.15,308.15,308.15,0.0,308.15,0.0,308.15,308.15,308.15,308.15,343.15,0.0,0.0,0.0,308.15,343.15,308.15,0.0,308.15,308.15,308.15,308.15,308.15,308.15,0.0,0.0,343.15,0.0,308.15,308.15,308.15,308.15,308.15,308.15,308.15,308.15,0.0,308.15,308.15,308.15,308.15,308.15,0.0,308.15,308.15,308.15,308.15,308.15,308.15,0.0,308.15,0.0,308.15,343.15,343.15,343.15,308.15,308.15,308.15,343.15,308.15,308.15,308.15,308.15,308.15,308.15,308.15,308.15,308.15,308.15,308.15,308.15,0.0,308.15,308.15,0.0,308.15,308.15,0.0,308.15,308.15,308.15,308.15,308.15,308.15,0.0,308.15,308.15,308.15,0.0,0.0,308.15,0.0,0.0,308.15,308.15,308.15,308.15,308.15,0.0,0.0,0.0,0.0,308.15,308.15,0.0,308.15,308.15,308.15,308.15,308.15,308.15,308.15,308.15,308.15,308.15,308.15,308.15,308.15,0.0,308.15,308.15,308.15,0.0,308.15,0.0,308.15,308.15,0.0,308.15,308.15,308.15,308.15,308.15,308.15,308.15,308.15,308.15,308.15,0.0,0.0,308.15,308.15,308.15,308.15,308.15,308.15,0.0,308.15,308.15,308.15,308.15,0.0,308.15,308.15,308.15,308.15,308.15,308.15,308.15,308.15,308.15,308.15,308.15,308.15,308.15,308.15,308.15,308.15,308.15,308.15,0.0,0.0,308.15,308.15,308.15,308.15,308.15,308.15,0.0,308.15,308.15,308.15,308.15,308.15,308.15,308.15,0.0,308.15,308.15,308.15,308.15,308.15,308.15,308.15,0.0,343.15,0.0,0.0,0.0,343.15,0.0,308.15,308.15,308.15,308.15,308.15,308.15,308.15,308.15,308.15,308.15,308.15,308.15,308.15,0.0,0.0,308.15,308.15,0.0,308.15,308.15,308.15,308.15,308.15,308.15,308.15,308.15,308.15,308.15,308.15,308.15,308.15,308.15,308.15,308.15,0.0,308.15,308.15,308.15,308.15,0.0,343.15
T_Mean,273.51,273.51,273.51,273.51,273.51,273.51,273.51,273.51,273.51,273.51,273.51,273.51,273.51,273.51,273.51,273.51,273.51,273.51,273.51,273.51,273.51,273.51,273.51,273.51,273.51,273.51,273.51,273.51,273.51,273.51,273.51,273.51,273.51,273.51,273.51,273.51,273.51,273.51,273.51,273.51,273.51,273.51,273.51,273.51,273.51,273.51,273.51,273.51,271.46,271.46,271.46,271.46,271.46,271.46,271.46,271.46,271.46,271.46,271.46,271.46,271.46,271.46,271.46,271.46,271.46,271.46,271.46,271.46,271.46,271.46,271.46,271.46,271.46,271.46,271.46,271.46,271.46,271.46,271.46,271.46,271.46,271.46,271.46,271.46,271.46,271.46,271.46,271.46,271.46,271.46,271.46,271.46,271.46,271.46,271.46,271.46,268.32,268.32,268.32,268.32,268.32,268.32,268.32,268.32,268.32,268.32,268.32,268.32,268.32,268.32,268.32,268.32,268.32,268.32,268.32,268.32,268.32,268.32,268.32,268.32,268.32,268.32,268.32,268.32,268.32,268.32,268.32,268.32,268.32,268.32,268.32,268.32,268.32,268.32,268.32,268.32,268.32,268.32,268.32,268.32,268.32,268.32,268.32,268.32,267.97,267.97,267.97,267.97,267.97,267.97,267.97,267.97,267.97,267.97,267.97,267.97,267.97,267.97,267.97,267.97,267.97,267.97,267.97,267.97,267.97,267.97,267.97,267.97,267.97,267.97,267.97,267.97,267.97,267.97,267.97,267.97,267.97,267.97,267.97,267.97,267.97,267.97,267.97,267.97,267.97,267.97,267.97,267.97,267.97,267.97,267.97,267.97,269.69,269.69,269.69,269.69,269.69,269.69,269.69,269.69,269.69,269.69,269.69,269.69,269.69,269.69,269.69,269.69,269.69,269.69,269.69,269.69,269.69,269.69,269.69,269.69,269.69,269.69,269.69,269.69,269.69,269.69,269.69,269.69,269.69,269.69,269.69,269.69,269.69,269.69,269.69,269.69,269.69,269.69,269.69,269.69,269.69,269.69,269.69,269.69,270.78,270.78,270.78,270.78,270.78,270.78,270.78,270.78,270.78,270.78,270.78,270.78,270.78,270.78,270.78,270.78,270.78,270.78,270.78,270.78,270.78,270.78,270.78,270.78,270.78,270.78,270.78,270.78,270.78,270.78,270.78,270.78,270.78,270.78,270.78,270.78,270.78,270.78,270.78,270.78,270.78,270.78,270.78,270.78,270.78,270.78,270.78,270.78,270.01,270.01,270.01,270.01,270.01,270.01,270.01,270.01,270.01,270.01,270.01,270.01,270.01,270.01,270.01,270.01,270.01,270.01,270.01,270.01,270.01,270.01,270.01,270.01,270.01,270.01,270.01,270.01,270.01,270.01,270.01,270.01,270.01,270.01,270.01,270.01,270.01,270.01,270.01,270.01,270.01,270.01,270.01,270.01,270.01,270.01,270.01,270.01,271.81,271.81,271.81,271.81,271.81,271.81,271.81,271.81,271.81,271.81,271.81,271.81,271.81,271.81,271.81,271.81,271.81,271.81,271.81,271.81,271.81,271.81,271.81,271.81,271.81,271.81,271.81,271.81,271.81,271.81,271.81,271.81,271.81,271.81,271.81,271.81,271.81,271.81,271.81,271.81,271.81,271.81,271.81,271.81,271.81,271.81,271.81,271.81
HP_off,1,1,1,1,0,0,1,0,0,0,0,0,0,1,1,1,1,1,1,1,1,1,0,0,1,1,0,0,0,0,1,0,0,1,0,0,1,0,0,0,0,0,0,0,0,0,0,0,1,0,0,0,0,0,0,1,0,0,0,1,1,0,1,1,1,0,0,0,0,1,0,1,1,1,1,1,0,1,0,0,0,0,0,0,0,0,0,1,1,0,0,0,1,0,0,0,1,0,0,0,0,0,0,1,0,0,1,0,1,0,1,1,0,0,0,0,1,0,1,0,1,0,0,0,0,1,0,0,0,0,0,0,0,0,0,0,0,0,0,0,0,0,0,0,1,0,1,0,0,0,0,0,1,1,1,0,0,0,1,0,0,0,0,0,0,1,1,0,1,0,0,0,0,0,0,0,0,1,0,0,0,0,0,1,0,0,0,0,0,0,1,0,1,0,0,0,0,0,0,0,0,0,0,0,0,0,0,0,0,0,0,0,0,1,0,0,1,0,0,1,0,0,0,0,0,0,1,0,0,0,1,1,0,1,1,0,0,0,0,0,1,1,1,1,0,0,1,0,0,0,0,0,0,0,0,0,0,0,0,0,1,0,0,0,1,0,1,0,0,1,0,0,0,0,0,0,0,0,0,0,1,1,0,0,0,0,0,0,1,0,0,0,0,0,0,0,0,0,0,0,0,0,0,0,0,0,0,0,0,0,0,0,1,1,0,0,0,0,0,0,1,0,0,0,0,0,0,0,1,0,0,0,0,0,0,0,1,0,1,1,1,0,1,0,0,0,0,0,0,0,0,0,0,0,0,0,1,1,0,0,1,0,0,0,0,0,0,0,0,0,0,0,0,0,0,0,0,1,0,0,0,0,1,0
HP_mode1,0,0,0,0,1,1,0,1,1,1,1,1,1,0,0,0,0,0,0,0,0,0,1,1,0,0,1,1,1,1,0,1,1,0,1,1,0,1,1,1,1,1,1,1,1,1,1,1,0,1,1,1,1,1,1,0,1,1,1,0,0,1,0,0,0,1,1,1,1,0,0,0,0,0,0,0,1,0,1,1,1,0,1,1,1,1,0,0,0,1,1,1,0,1,1,0,0,1,1,1,1,1,1,0,0,0,0,0,0,1,0,0,1,1,1,1,0,1,0,1,0,1,1,1,1,0,1,1,1,1,1,1,1,1,0,1,1,1,1,1,1,1,1,1,0,1,0,1,1,1,1,0,0,0,0,1,0,1,0,1,1,1,1,1,0,0,0,0,0,1,1,1,1,1,1,1,1,0,1,1,1,1,1,0,1,1,1,1,1,1,0,1,0,1,0,0,0,1,1,1,0,1,1,1,1,1,1,1,1,1,1,1,1,0,1,1,0,1,0,0,1,1,1,0,1,1,0,1,1,1,0,0,1,0,0,1,1,1,1,1,0,0,0,0,0,1,0,1,1,1,1,1,0,1,1,1,1,1,0,1,0,1,1,1,0,1,0,1,1,0,1,1,1,1,1,1,1,1,1,1,0,0,1,1,1,1,1,1,0,1,1,1,1,0,1,1,1,1,1,1,1,1,1,1,1,1,1,1,1,1,1,0,0,0,1,1,1,1,1,1,0,1,1,1,1,1,1,1,0,1,1,1,1,1,1,1,0,0,0,0,0,0,0,1,1,0,0,1,1,1,1,1,1,1,1,1,0,0,1,1,0,1,1,1,1,1,1,1,1,1,1,1,1,1,1,1,1,0,1,1,1,1,0,0
HP_mode2,0,0,0,0,0,0,0,0,0,0,0,0,0,0,0,0,0,0,0,0,0,0,0,0,0,0,0,0,0,0,0,0,0,0,0,0,0,0,0,0,0,0,0,0,0,0,0,0,0,0,0,0,0,0,0,0,0,0,0,0,0,0,0,0,0,0,0,0,0,0,1,0,0,0,0,0,0,0,0,0,0,0,0,0,0,0,0,0,0,0,0,0,0,0,0,0,0,0,0,0,0,0,0,0,1,1,0,1,0,0,0,0,0,0,0,0,0,0,0,0,0,0,0,0,0,0,0,0,0,0,0,0,0,0,0,0,0,0,0,0,0,0,0,0,0,0,0,0,0,0,0,0,0,0,0,0,1,0,0,0,0,0,0,0,0,0,0,1,0,0,0,0,0,0,0,0,0,0,0,0,0,0,0,0,0,0,0,0,0,0,0,0,0,0,1,0,1,0,0,0,1,0,0,0,0,0,0,0,0,0,0,0,0,0,0,0,0,0,0,0,0,0,0,0,0,0,0,0,0,0,0,0,0,0,0,0,0,0,0,0,0,0,0,0,0,0,0,0,0,0,0,0,0,0,0,0,0,0,0,0,0,0,0,0,0,0,0,0,0,0,0,0,0,0,0,0,0,0,0,0,0,0,0,0,0,0,0,0,0,0,0,0,0,0,0,0,0,0,0,0,0,0,0,0,0,0,0,0,0,0,0,0,0,0,0,0,0,0,0,0,0,0,0,0,0,0,0,0,0,0,0,0,0,0,0,0,0,0,0,0,0,0,0,0,0,0,0,0,0,0,0,0,0,0,0,0,0,0,0,0,0,0,0,0,0,0,0,0,0,0,0,0,0,0,0,0,0,0,0,0,0,0,0,1
HP_TWW,0,0,0,0,0,0,0,0,0,0,0,0,0,0,0,0,0,0,0,0,0,0,0,0,0,0,0,0,0,0,0,0,0,0,0,0,0,0,0,0,0,0,0,0,0,0,0,0,0,0,0,0,0,0,0,0,0,0,0,0,0,0,0,0,0,0,0,0,0,0,0,0,0,0,0,0,0,0,0,0,0,0,0,0,0,0,0,0,0,0,0,0,0,0,0,0,0,0,0,0,0,0,0,0,0,0,0,0,0,0,0,0,0,0,0,0,0,0,0,0,0,0,0,0,0,0,0,0,0,0,0,0,0,0,1,0,0,0,0,0,0,0,0,0,0,0,0,0,0,0,0,1,0,0,0,0,0,0,0,0,0,0,0,0,0,0,0,0,0,0,0,0,0,0,0,0,0,0,0,0,0,0,0,0,0,0,0,0,0,0,0,0,0,0,0,1,0,0,0,0,0,0,0,0,0,0,0,0,0,0,0,0,0,0,0,0,0,0,0,0,0,0,0,0,0,0,0,0,0,0,0,0,0,0,0,0,0,0,0,0,0,0,0,0,0,0,0,0,0,0,0,0,0,0,0,0,0,0,0,0,0,0,0,0,0,0,0,0,0,0,0,0,0,0,0,0,0,0,0,0,0,0,0,0,0,0,0,0,0,0,0,0,0,0,0,0,0,0,0,0,0,0,0,0,0,0,0,0,0,0,0,0,0,0,0,0,0,0,0,0,0,0,0,0,0,0,0,0,0,0,0,0,0,0,0,0,0,1,0,0,0,1,0,0,0,0,0,0,0,0,0,0,0,0,0,0,0,0,0,0,0,0,0,0,0,0,0,0,0,0,0,0,0,0,0,0,0,0,0,0,0,0,0,0
COP_1,9.31,9.282,9.254,9.254,9.254,9.212,9.171,9.171,9.171,9.13,9.09,9.037,8.984,8.932,8.88,8.868,8.855,8.842,8.83,8.83,8.83,8.868,8.906,8.945,8.984,8.997,9.01,8.971,8.932,8.893,8.855,8.842,8.83,8.792,8.754,8.742,8.729,8.729,8.729,8.729,8.729,8.705,8.68,8.632,8.584,8.548,8.512,8.466,8.419,8.454,8.489,8.477,8.466,8.419,8.374,8.362,8.351,8.317,8.284,8.261,8.239,8.206,8.174,8.163,8.152,8.195,8.239,8.419,8.608,8.693,8.779,8.88,8.984,8.997,9.01,9.037,9.063,8.958,8.855,8.693,8.536,8.489,8.442,8.385,8.328,8.295,8.261,8.217,8.174,8.12,8.067,8.004,7.942,7.871,7.801,7.742,7.685,7.637,7.59,7.553,7.516,7.498,7.479,7.452,7.425,7.425,7.425,7.407,7.39,7.39,7.39,7.407,7.425,7.525,7.627,7.762,7.901,8.004,8.109,8.25,8.396,8.431,8.466,8.454,8.442,8.396,8.351,8.217,8.088,8.056,8.025,7.942,7.861,7.791,7.723,7.646,7.571,7.543,7.516,7.479,7.443,7.39,7.337,7.302,7.268,7.251,7.234,7.242,7.251,7.242,7.234,7.191,7.15,7.158,7.166,7.158,7.15,7.133,7.117,7.158,7.2,7.346,7.498,7.665,7.841,8.004,8.174,8.295,8.419,8.466,8.512,8.524,8.536,8.466,8.396,8.295,8.195,8.185,8.174,8.12,8.067,7.983,7.901,7.831,7.762,7.675,7.59,7.543,7.498,7.461,7.425,7.407,7.39,7.372,7.354,7.346,7.337,7.354,7.372,7.363,7.354,7.354,7.354,7.354,7.354,7.354,7.354,7.39,7.425,7.562,7.704,7.881,8.067,8.228,8.396,8.632,8.88,8.906,8.932,8.88,8.83,8.742,8.656,8.632,8.608,8.524,8.442,8.466,8.489,8.442,8.396,8.362,8.328,8.328,8.328,8.34,8.351,8.351,8.351,8.351,8.351,8.351,8.351,8.362,8.374,8.385,8.396,8.419,8.442,8.466,8.489,8.512,8.536,8.56,8.584,8.584,8.584,8.524,8.466,8.408,8.351,8.362,8.374,8.34,8.306,8.239,8.174,8.099,8.025,8.025,8.025,8.035,8.046,8.046,8.046,8.056,8.067,8.067,8.067,8.025,7.983,7.994,8.004,8.014,8.025,8.025,8.025,8.025,8.025,8.035,8.046,8.077,8.109,8.088,8.067,8.056,8.046,8.035,8.025,8.025,8.025,7.994,7.963,7.963,7.963,7.973,7.983,8.004,8.025,8.067,8.109,8.163,8.217,8.228,8.239,8.239,8.239,8.239,8.239,8.195,8.152,8.141,8.131,8.131,8.131,8.109,8.088,8.077,8.067,8.056,8.046,8.056,8.067,8.014,7.963,7.922,7.881,7.861,7.841,7.841,7.841,7.831,7.821,7.821,7.821,7.841,7.861,7.881,7.901,7.901,7.901,7.922,7.942,7.983,8.025,8.109,8.195,8.217,8.239,8.328,8.419,8.477,8.536,8.584,8.632,8.693,8.754,8.779,8.804,8.817,8.83,8.932,9.037,9.199,9.366,9.452,9.54,9.615,9.69,9.736,9.783,9.721,9.66,9.675
COP_2,5.039,5.032,5.024,5.024,5.024,5.013,5.002,5.002,5.002,4.991,4.98,4.966,4.952,4.937,4.923,4.92,4.916,4.913,4.909,4.909,4.909,4.92,4.93,4.941,4.952,4.955,4.959,4.948,4.937,4.927,4.916,4.913,4.909,4.899,4.888,4.885,4.881,4.881,4.881,4.881,4.881,4.874,4.867,4.854,4.84,4.83,4.82,4.806,4.793,4.803,4.813,4.809,4.806,4.793,4.779,4.776,4.773,4.763,4.753,4.746,4.74,4.73,4.72,4.717,4.714,4.727,4.74,4.793,4.847,4.871,4.895,4.923,4.952,4.955,4.959,4.966,4.973,4.945,4.916,4.871,4.826,4.813,4.799,4.783,4.766,4.756,4.746,4.733,4.72,4.704,4.688,4.669,4.65,4.628,4.606,4.588,4.569,4.554,4.539,4.527,4.515,4.509,4.503,4.494,4.486,4.486,4.486,4.48,4.474,4.474,4.474,4.48,4.486,4.518,4.551,4.594,4.637,4.669,4.701,4.743,4.786,4.796,4.806,4.803,4.799,4.786,4.773,4.733,4.694,4.685,4.675,4.65,4.625,4.603,4.581,4.557,4.533,4.524,4.515,4.503,4.491,4.474,4.456,4.445,4.433,4.428,4.422,4.425,4.428,4.425,4.422,4.408,4.394,4.397,4.399,4.397,4.394,4.388,4.383,4.397,4.411,4.459,4.509,4.563,4.618,4.669,4.72,4.756,4.793,4.806,4.82,4.823,4.826,4.806,4.786,4.756,4.727,4.723,4.72,4.704,4.688,4.662,4.637,4.615,4.594,4.566,4.539,4.524,4.509,4.497,4.486,4.48,4.474,4.468,4.462,4.459,4.456,4.462,4.468,4.465,4.462,4.462,4.462,4.462,4.462,4.462,4.462,4.474,4.486,4.53,4.575,4.631,4.688,4.736,4.786,4.854,4.923,4.93,4.937,4.923,4.909,4.885,4.86,4.854,4.847,4.823,4.799,4.806,4.813,4.799,4.786,4.776,4.766,4.766,4.766,4.769,4.773,4.773,4.773,4.773,4.773,4.773,4.773,4.776,4.779,4.783,4.786,4.793,4.799,4.806,4.813,4.82,4.826,4.833,4.84,4.84,4.84,4.823,4.806,4.789,4.773,4.776,4.779,4.769,4.759,4.74,4.72,4.697,4.675,4.675,4.675,4.678,4.681,4.681,4.681,4.685,4.688,4.688,4.688,4.675,4.662,4.666,4.669,4.672,4.675,4.675,4.675,4.675,4.675,4.678,4.681,4.691,4.701,4.694,4.688,4.685,4.681,4.678,4.675,4.675,4.675,4.666,4.656,4.656,4.656,4.659,4.662,4.669,4.675,4.688,4.701,4.717,4.733,4.736,4.74,4.74,4.74,4.74,4.74,4.727,4.714,4.71,4.707,4.707,4.707,4.701,4.694,4.691,4.688,4.685,4.681,4.685,4.688,4.672,4.656,4.643,4.631,4.625,4.618,4.618,4.618,4.615,4.612,4.612,4.612,4.618,4.625,4.631,4.637,4.637,4.637,4.643,4.65,4.662,4.675,4.701,4.727,4.733,4.74,4.766,4.793,4.809,4.826,4.84,4.854,4.871,4.888,4.895,4.902,4.906,4.909,4.937,4.966,5.009,5.054,5.076,5.099,5.118,5.137,5.149,5.16,5.145,5.129,5.133
d_Temp_HP,0.0,0.0,0.0,0.0,1.7,2.8,0.0,1.4,7.0,2.8,2.8,2.8,0.0,0.0,0.0,0.0,0.0,0.0,0.0,0.0,0.0,0.0,2.5,7.0,0.0,0.0,6.2,3.0,3.0,3.0,0.0,5.9,3.0,0.0,0.0,0.0,0.0,0.0,7.0,7.0,7.0,6.8,3.6,3.5,3.5,3.5,2.3,0.0,0.0,1.0,7.0,7.0,7.0,3.2,3.2,0.0,6.5,3.2,0.0,0.0,0.0,0.0,0.0,0.0,0.0,0.0,6.4,7.0,7.0,0.0,0.0,0.0,0.0,0.0,0.0,0.0,7.0,0.0,7.0,6.0,2.3,2.4,2.5,2.7,2.8,3.0,3.1,0.0,0.0,7.0,7.0,3.8,0.0,7.0,3.7,3.5,0.0,3.5,3.5,3.5,3.5,3.5,3.5,0.0,0.0,0.0,0.0,0.0,0.0,2.4,0.0,0.0,3.8,7.0,7.0,7.0,0.0,0.0,0.0,2.3,0.0,4.8,7.0,7.0,7.0,0.0,4.3,2.3,2.5,2.6,2.7,2.9,3.2,3.4,0.0,7.0,4.4,4.0,4.0,4.0,3.9,3.9,3.8,3.8,0.0,0.0,0.0,1.2,7.0,7.0,7.0,0.0,0.0,0.0,0.0,0.3,0.0,0.0,0.0,3.9,4.0,4.1,6.1,7.0,7.0,0.0,0.0,0.0,0.0,0.7,7.0,7.0,7.0,7.0,2.2,2.3,2.5,0.0,5.2,2.9,3.1,3.2,3.4,0.0,7.0,4.5,3.9,3.9,3.9,3.8,0.0,0.1,0.0,0.0,0.0,0.0,0.0,0.0,6.9,0.0,0.0,0.0,0.0,3.6,7.0,3.8,0.0,3.7,5.5,7.0,7.0,7.0,0.0,0.0,0.0,0.0,0.0,0.7,7.0,0.0,7.0,7.0,7.0,7.0,7.0,6.6,0.0,1.2,7.0,2.9,0.0,0.0,0.0,0.0,0.0,0.0,0.0,0.0,4.4,0.0,0.0,0.0,0.0,0.0,0.0,0.0,7.0,0.0,0.0,2.7,3.1,5.4,7.0,7.0,7.0,7.0,7.0,7.0,7.0,3.4,0.0,3.8,7.0,3.6,0.0,7.0,0.0,7.0,1.1,0.0,3.3,3.3,3.3,3.3,3.3,7.0,7.0,7.0,7.0,2.3,0.0,0.0,0.0,3.9,7.0,4.2,0.0,7.0,0.0,0.1,3.5,3.4,7.0,7.0,7.0,7.0,7.0,5.8,0.0,7.0,7.0,0.0,0.0,0.0,0.0,0.0,3.8,4.0,4.1,3.9,3.8,3.7,0.0,0.0,7.0,7.0,7.0,7.0,7.0,4.8,0.0,0.0,0.0,7.0,7.0,6.1,3.6,0.0,0.0,2.8,7.0,7.0,7.0,3.9,3.8,3.8,0.0,0.0,0.0,0.0,0.0,0.0,0.0,5.5,0.0,3.5,3.5,3.5,5.7,7.0,7.0,7.0,7.0,7.0,0.0,0.0,0.0,0.0,0.0,7.0,0.0,3.7,3.4,3.3,3.3,3.2,3.2,3.2,3.1,3.1,3.1,2.8,2.7,2.7,2.6,3.2,6.8,0.0,7.0,7.0,7.0,7.0,0.0,0.0
d_Temp_Hou,47.5,3.2,3.1,3.1,3.1,3.1,3.1,3.1,3.1,3.1,3.1,3.1,3.1,3.1,3.1,3.1,3.0,3.0,3.1,3.3,3.6,3.6,3.6,3.6,3.5,3.4,3.4,3.3,3.3,3.3,3.3,3.3,3.3,3.3,3.3,3.2,3.2,3.2,3.3,3.6,3.8,3.9,3.9,3.9,3.9,3.8,3.8,3.7,26.9,3.7,3.6,3.6,3.6,3.6,3.6,3.6,3.5,3.6,3.6,3.6,3.6,3.6,3.6,3.6,3.6,3.6,3.6,3.6,3.7,3.3,3.0,2.7,2.4,2.2,2.0,2.0,2.0,2.1,2.2,2.4,2.5,2.6,2.8,2.9,3.1,3.2,3.4,3.7,4.0,4.0,4.0,4.0,4.0,3.9,3.9,3.9,36.7,3.9,3.9,3.9,3.9,3.9,3.9,3.9,3.9,3.9,3.9,3.9,3.9,3.9,3.9,4.0,4.1,4.2,4.3,4.2,4.2,3.8,3.3,3.0,17.1,2.4,2.2,2.2,2.2,2.3,2.4,2.5,2.7,2.8,3.0,3.2,3.5,3.7,3.9,4.2,4.4,4.4,4.4,4.4,4.3,4.3,4.2,4.2,4.1,4.1,4.1,4.1,4.1,4.1,4.1,4.1,4.1,4.1,4.1,4.1,4.1,4.1,4.1,4.2,4.3,4.4,4.5,4.4,4.3,3.9,3.4,3.0,16.4,2.5,2.3,2.3,2.2,2.3,2.4,2.6,2.7,2.8,2.9,3.1,3.4,3.6,3.8,4.0,4.3,4.3,4.3,4.3,4.3,4.2,4.2,4.1,36.7,4.1,4.1,4.0,4.0,4.0,4.0,4.0,4.0,4.0,4.0,4.0,4.0,4.0,4.0,4.0,4.1,4.2,4.2,4.2,4.1,3.7,3.2,2.9,2.5,2.4,2.2,2.2,2.2,2.3,2.5,2.6,2.7,2.8,2.9,3.0,3.1,3.2,3.3,3.6,3.9,3.9,4.0,3.9,3.9,3.8,3.8,3.7,3.7,3.6,3.6,3.5,3.5,3.5,3.5,3.5,3.4,3.4,3.4,3.4,3.4,3.4,3.4,3.3,3.3,3.4,3.4,3.7,4.0,4.0,4.0,3.9,3.9,3.8,3.8,3.8,3.8,3.7,3.7,3.7,3.7,3.7,3.7,3.7,3.7,3.9,4.0,4.2,4.5,4.5,4.4,4.4,4.3,4.2,4.1,4.1,4.0,3.9,3.9,3.9,3.8,3.8,3.8,3.8,3.8,3.8,3.7,3.7,3.7,3.7,3.7,3.8,3.8,3.9,4.0,4.2,4.4,4.3,4.3,4.2,18.9,4.0,3.9,3.8,3.7,3.7,3.7,3.7,3.6,3.7,3.7,3.7,3.7,3.8,4.0,4.2,4.5,4.5,4.4,4.4,4.3,4.3,4.2,4.1,4.1,4.1,4.0,4.0,4.0,4.0,3.9,3.9,3.9,3.9,3.9,3.9,3.9,3.8,3.8,3.8,3.8,3.9,4.0,4.2,4.4,4.3,4.3,4.2,3.9,4.0,3.9,3.8,3.7,3.7,3.6,3.6,3.5,3.5,3.5,3.3,3.1,3.0,3.0,3.3,3.6,3.6,3.7,3.6,3.6,3.6,3.5,3.5
T_TWW,328.15,328.11,328.06,328.02,327.97,327.93,327.88,327.84,327.8,327.75,327.71,327.66,327.62,327.58,327.53,327.49,327.45,327.4,327.36,327.31,327.27,327.23,327.18,327.14,327.66,327.62,327.57,327.53,327.48,327.44,327.4,327.35,327.31,327.27,327.22,327.18,327.14,327.09,327.05,327.01,326.96,326.92,326.88,326.84,326.79,326.75,326.71,326.66,327.18,327.14,327.09,327.05,327.01,326.96,326.92,326.88,326.84,326.79,326.75,326.71,326.66,326.62,326.58,326.54,326.49,326.45,326.41,326.37,326.32,326.28,326.24,326.2,326.71,326.67,326.62,326.58,326.54,326.5,326.45,326.41,326.37,326.33,326.29,326.24,326.2,326.16,326.12,326.07,326.03,325.99,325.95,325.91,325.87,325.82,325.78,325.74,326.24,326.2,326.16,326.11,326.07,326.03,325.99,325.95,325.9,325.86,325.82,325.78,325.74,325.7,325.65,325.61,325.57,325.53,325.49,325.45,325.41,325.37,325.32,325.28,325.78,325.74,325.7,325.66,325.61,325.57,325.53,325.49,325.45,325.41,325.37,325.33,325.28,325.24,325.21,325.17,325.13,325.09,325.05,325.01,324.97,324.92,324.88,324.84,325.33,325.29,325.25,325.21,325.17,325.13,325.08,325.05,325.01,324.97,324.93,324.89,324.85,324.81,324.77,324.73,324.69,324.65,324.61,324.57,324.53,324.49,324.45,324.41,324.89,324.85,324.81,324.77,324.73,324.69,324.65,324.61,324.57,324.53,324.49,324.45,324.41,324.37,324.33,324.29,324.25,324.21,324.17,324.13,324.09,324.05,324.01,323.97,324.45,324.41,324.37,324.34,324.3,324.26,324.22,324.18,324.14,324.1,324.06,324.02,323.98,323.94,323.9,323.86,323.82,323.78,323.75,323.71,323.67,323.63,323.59,323.55,324.02,323.98,323.94,323.9,323.86,323.82,323.78,323.74,323.71,323.67,323.63,323.59,323.55,323.51,323.47,323.43,323.39,323.36,323.32,323.28,323.24,323.2,323.16,323.12,323.59,323.55,323.51,323.47,323.43,323.4,323.36,323.32,323.28,323.24,323.2,323.16,323.13,323.09,323.05,323.01,322.97,322.93,322.9,322.86,322.82,322.78,322.74,322.71,323.16,323.12,323.08,323.04,323.01,322.97,322.93,322.89,322.85,322.82,322.78,322.74,322.7,322.66,322.63,322.59,322.55,322.51,322.48,322.44,322.4,322.36,322.32,322.29,322.74,322.7,322.66,322.63,322.59,322.55,322.51,322.48,322.44,322.4,322.36,322.33,322.29,322.25,322.21,322.18,322.14,322.1,322.06,322.03,321.99,321.95,321.92,321.88,322.33,322.29,322.26,322.22,322.18,322.14,322.11,322.07,322.03,321.99,321.96,321.92,321.88,321.85,321.81,321.77,321.74,321.7,321.66,321.63,321.59,321.55,321.52,321.48,321.92,321.89,321.85,321.82,321.78,321.75,321.71,321.68,321.64,321.6,321.57,321.53,321.49,321.46,321.42,321.39,321.35,321.31,321.28,321.24,321.2,321.17,321.13,321.1,321.53,321.49,321.46,321.42,321.38,321.35,321.31,321.28,321.24,321.2,321.17,321.13,321.1,321.06,321.02,320.99,320.95,320.92,320.88,320.84,320.81,320.77,320.74,320.7
Q_TWW_Dem,0,0,0,0,0,0,0,0,0,0,0,0,0,0,0,0,0,0,0,0,0,0,0,0,0,0,0,0,0,0,0,0,0,0,0,0,0,0,0,0,0,0,0,0,0,0,0,0,0,0,0,0,0,0,0,0,0,0,0,0,0,0,0,0,0,0,0,0,0,0,0,0,0,0,0,0,0,0,0,0,0,0,0,0,0,0,0,0,0,0,0,0,0,0,0,0,0,0,0,0,0,0,0,0,0,0,0,0,0,0,0,0,0,0,0,0,0,0,0,0,0,0,0,0,0,0,0,0,0,0,0,0,0,0,0,0,0,0,0,0,0,0,0,0,0,0,0,0,0,0,0,0,0,0,0,0,0,0,0,0,0,0,0,0,0,0,0,0,0,0,0,0,0,0,0,0,0,0,0,0,0,0,0,0,0,0,0,0,0,0,0,0,0,0,0,0,0,0,0,0,0,0,0,0,0,0,0,0,0,0,0,0,0,0,0,0,0,0,0,0,0,0,0,0,0,0,0,0,0,0,0,0,0,0,0,0,0,0,0,0,0,0,0,0,0,0,0,0,0,0,0,0,0,0,0,0,0,0,0,0,0,0,0,0,0,0,0,0,0,0,0,0,0,0,0,0,0,0,0,0,0,0,0,0,0,0,0,0,0,0,0,0,0,0,0,0,0,0,0,0,0,0,0,0,0,0,0,0,0,0,0,0,0,0,0,0,0,0,0,0,0,0,0,0,0,0,0,0,0,0,0,0,0,0,0,0,0,0,0,0,0,0,0,0,0,0,0,0,0,0,0,0,0,0,0,0,0,0,0,0,0,0,0,0,0,0,0,0,0,0,0,0,0,0,0,0,0,0,0,0,0,0,0,0
Q_TWW_Loss,41,41,41,40,40,40,40,40,40,40,40,40,40,40,40,40,40,40,40,40,40,40,40,39,40,40,40,40,40,40,40,40,40,40,40,40,39,39,39,39,39,39,39,39,39,39,39,39,40,39,39,39,39,39,39,39,39,39,39,39,39,39,39,39,39,39,39,39,39,39,38,38,39,39,39,39,39,39,39,39,39,39,39,38,38,38,38,38,38,38,38,38,38,38,38,38,38,38,38,38,38,38,38,38,38,38,38,38,38,38,38,38,38,38,38,38,38,38,37,37,38,38,38,38,38,38,38,38,38,38,38,37,37,37,37,37,37,37,37,37,37,37,37,37,37,37,37,37,37,37,37,37,37,37,37,37,37,37,37,37,37,37,37,37,37,37,36,36,37,37,37,37,37,37,37,37,37,37,37,37,36,36,36,36,36,36,36,36,36,36,36,36,37,36,36,36,36,36,36,36,36,36,36,36,36,36,36,36,36,36,36,36,36,36,36,36,36,36,36,36,36,36,36,36,36,36,36,36,36,35,35,35,35,35,35,35,35,35,35,35,36,36,35,35,35,35,35,35,35,35,35,35,35,35,35,35,35,35,35,35,35,35,35,35,35,35,35,35,35,35,35,35,35,35,35,35,35,35,34,34,34,34,34,34,34,34,34,34,35,35,35,34,34,34,34,34,34,34,34,34,34,34,34,34,34,34,34,34,34,34,34,34,34,34,34,34,34,34,34,34,34,34,34,34,34,34,34,34,33,33,33,33,33,33,33,33,34,34,34,34,34,34,33,33,33,33,33,33,33,33,33,33,33,33,33,33,33,33,33,33,33,33,33,33,33,33,33,33,33,33,33,33,33,33,33,33,33,33,33,32,32,32,32,32
