0,0.0,0.25,0.5,0.75,1.0,1.25,1.5,1.75,2.0,2.25,2.5,2.75,3.0,3.25,3.5,3.75,4.0,4.25,4.5,4.75,5.0,5.25,5.5,5.75,6.0,6.25,6.5,6.75,7.0,7.25,7.5,7.75,8.0,8.25,8.5,8.75,9.0,9.25,9.5,9.75,10.0,10.25,10.5,10.75,11.0,11.25,11.5,11.75,12.0,12.25,12.5,12.75,13.0,13.25,13.5,13.75,14.0,14.25,14.5,14.75,15.0,15.25,15.5,15.75,16.0,16.25,16.5,16.75,17.0,17.25,17.5,17.75,18.0,18.25,18.5,18.75,19.0,19.25,19.5,19.75,20.0,20.25,20.5,20.75,21.0,21.25,21.5,21.75,22.0,22.25,22.5,22.75,23.0,23.25,23.5,23.75,24.0,24.25,24.5,24.75,25.0,25.25,25.5,25.75,26.0,26.25,26.5,26.75,27.0,27.25,27.5,27.75,28.0,28.25,28.5,28.75,29.0,29.25,29.5,29.75,30.0,30.25,30.5,30.75,31.0,31.25,31.5,31.75,32.0,32.25,32.5,32.75,33.0,33.25,33.5,33.75,34.0,34.25,34.5,34.75,35.0,35.25,35.5,35.75,36.0,36.25,36.5,36.75,37.0,37.25,37.5,37.75,38.0,38.25,38.5,38.75,39.0,39.25,39.5,39.75,40.0,40.25,40.5,40.75,41.0,41.25,41.5,41.75,42.0,42.25,42.5,42.75,43.0,43.25,43.5,43.75,44.0,44.25,44.5,44.75,45.0,45.25,45.5,45.75,46.0,46.25,46.5,46.75,47.0,47.25,47.5,47.75,48.0,48.25,48.5,48.75
Mode,0,2,2,2,2,2,2,2,2,2,2,2,2,2,2,2,2,2,2,2,3,2,2,2,2,2,2,2,2,2,1,1,1,1,2,0,1,1,1,1,1,1,1,1,1,1,1,1,2,3,1,2,0,1,2,3,1,2,3,3,3,1,2,0,1,1,1,1,3,1,1,1,2,0,1,2,0,1,1,1,1,1,2,2,2,2,2,2,3,2,2,2,2,2,2,2,2,2,2,2,2,2,2,2,2,2,2,2,2,2,2,2,2,2,2,2,2,2,2,2,3,2,2,2,2,2,1,1,1,1,1,2,3,1,1,1,1,1,1,1,1,1,2,3,2,3,3,2,0,1,2,0,0,1,1,2,3,1,2,0,1,1,2,3,1,1,2,3,1,1,2,3,1,1,1,1,1,1,2,2,2,2,2,3,2,2,2,2,2,2,2,3
Q_HP,0.0,1458.1,902.5,898.3,894.2,893.2,890.6,888.0,885.5,884.3,882.4,880.6,878.7,876.7,874.8,872.9,871.2,868.7,866.6,1734.0,666.8,859.3,856.7,854.1,851.5,845.1,840.6,836.1,831.6,749.4,625.2,702.5,625.0,680.6,1110.6,0.0,625.0,625.0,629.4,713.9,737.2,701.7,687.1,678.0,669.0,625.0,625.0,654.8,979.0,667.3,693.1,839.4,0.0,703.7,785.0,1183.8,703.7,1812.6,2499.3,2499.3,2499.3,720.7,814.1,0.0,625.0,625.0,625.0,625.3,793.6,821.5,625.0,626.5,923.7,0.0,708.4,922.9,0.0,652.7,708.3,763.5,708.5,708.5,892.0,836.7,854.8,845.3,849.5,1718.7,1156.1,854.6,855.0,855.4,855.8,855.4,855.4,855.4,974.2,906.7,902.5,898.3,894.2,893.2,890.6,888.0,885.5,884.3,882.4,880.6,878.7,876.7,874.8,872.9,871.2,868.7,866.6,864.6,862.5,859.3,856.7,1712.4,625.0,845.1,840.6,836.1,831.6,749.4,625.2,705.5,625.0,625.0,672.2,1046.0,625.0,644.7,679.3,713.9,737.2,701.7,687.1,678.0,669.0,682.0,1637.0,650.3,1110.0,667.3,625.0,1006.6,0.0,703.7,1193.4,0.0,0.0,625.0,625.0,803.1,1037.8,720.7,904.8,0.0,625.0,661.1,1056.3,1861.7,625.0,684.5,957.0,2499.3,625.0,625.0,923.2,2499.3,625.0,625.0,653.8,763.5,708.5,708.5,892.0,836.7,854.8,845.3,1710.2,625.0,858.0,854.6,855.0,855.4,855.8,855.4,1717.7,1134.2
Q_Penalty,551.41,0.0,0.0,0.0,0.0,0.0,0.0,0.0,0.0,0.0,0.0,0.0,0.0,0.0,0.0,0.0,0.0,0.0,0.0,0.0,0.0,0.0,0.0,0.0,0.0,0.0,0.0,0.0,0.0,0.0,40.18,0.0,0.0,0.0,0.0,0.0,0.0,0.0,0.0,0.0,5.59,0.0,0.0,0.0,0.0,0.0,0.0,0.0,0.0,0.0,0.0,0.0,0.0,0.0,0.0,0.0,0.0,0.0,0.0,0.0,0.0,0.0,0.0,44.78,-0.0,0.0,0.0,0.0,248.58,-0.0,0.0,0.0,0.0,0.0,0.0,0.0,0.0,0.0,0.0,0.24,55.42,73.39,0.0,0.0,0.0,0.0,0.0,0.0,0.0,0.0,0.0,0.0,0.0,0.0,0.0,0.0,0.0,0.0,0.0,0.0,0.0,0.0,0.0,0.0,0.0,0.0,0.0,0.0,0.0,0.0,0.0,0.0,0.0,0.0,0.0,0.0,0.0,0.0,0.0,0.0,0.0,0.0,0.0,0.0,0.0,0.0,40.18,0.0,0.0,0.0,0.0,0.0,0.0,0.0,0.0,0.0,5.59,0.0,0.0,0.0,0.0,0.0,0.0,0.0,0.0,0.0,0.0,0.0,0.0,0.0,0.0,0.0,41.16,0.0,0.0,0.0,0.0,0.0,0.0,0.0,0.0,0.0,0.0,0.0,0.0,0.0,0.0,13.83,0.0,0.0,0.0,0.0,0.0,0.0,0.0,0.24,55.42,73.39,0.0,0.0,0.0,0.0,0.0,0.0,0.0,0.0,0.0,0.0,0.0,0.0,0.0,0.0
Q_Hou,346.59,893.87,889.74,885.61,881.47,878.92,876.36,873.81,871.25,869.4,867.55,865.7,863.84,861.94,860.03,858.12,856.21,854.15,852.09,850.03,847.98,845.37,842.77,840.17,837.57,833.11,828.64,824.17,819.71,776.54,693.18,690.2,647.03,625.66,604.28,582.91,561.54,595.85,630.16,664.47,693.18,689.8,680.83,671.85,662.88,636.35,609.82,583.29,556.76,541.38,525.99,510.61,495.23,490.38,485.54,480.69,475.85,479.24,482.63,486.03,489.42,501.59,513.77,481.16,538.12,550.82,563.53,576.23,340.35,573.76,558.59,543.42,528.25,528.15,528.06,527.96,527.86,583.05,638.23,693.18,693.18,693.18,784.54,802.52,820.49,824.7,828.91,833.12,837.33,837.73,838.12,838.52,838.92,838.92,838.92,838.92,898.0,893.87,889.74,885.61,881.47,878.92,876.36,873.81,871.25,869.4,867.55,865.7,863.84,861.94,860.03,858.12,856.21,854.15,852.09,850.03,847.98,845.37,842.77,840.17,837.57,833.11,828.64,824.17,819.71,776.54,693.18,690.2,647.03,625.66,604.28,582.91,561.54,595.85,630.16,664.47,693.18,689.8,680.83,671.85,662.88,636.35,609.82,583.29,556.76,541.38,525.99,510.61,495.23,490.38,485.54,480.69,434.69,479.24,482.63,486.03,489.42,501.59,513.77,525.95,538.12,550.82,563.53,576.23,588.93,573.76,558.59,529.59,528.25,528.15,528.06,527.96,527.86,583.05,638.23,693.18,693.18,693.18,784.54,802.52,820.49,824.7,828.91,833.12,837.33,837.73,838.12,838.52,838.92,838.92,838.92,838.92
Q_Hou_Dem,898.0,893.87,889.74,885.61,881.47,878.92,876.36,873.81,871.25,869.4,867.55,865.7,863.84,861.94,860.03,858.12,856.21,854.15,852.09,850.03,847.98,845.37,842.77,840.17,837.57,833.11,828.64,824.17,819.71,776.54,733.37,690.2,647.03,625.66,604.28,582.91,561.54,595.85,630.16,664.47,698.78,689.8,680.83,671.85,662.88,636.35,609.82,583.29,556.76,541.38,525.99,510.61,495.23,490.38,485.54,480.69,475.85,479.24,482.63,486.03,489.42,501.59,513.77,525.95,538.12,550.82,563.53,576.23,588.93,573.76,558.59,543.42,528.25,528.15,528.06,527.96,527.86,583.05,638.23,693.42,748.6,766.57,784.54,802.52,820.49,824.7,828.91,833.12,837.33,837.73,838.12,838.52,838.92,838.92,838.92,838.92,898.0,893.87,889.74,885.61,881.47,878.92,876.36,873.81,871.25,869.4,867.55,865.7,863.84,861.94,860.03,858.12,856.21,854.15,852.09,850.03,847.98,845.37,842.77,840.17,837.57,833.11,828.64,824.17,819.71,776.54,733.37,690.2,647.03,625.66,604.28,582.91,561.54,595.85,630.16,664.47,698.78,689.8,680.83,671.85,662.88,636.35,609.82,583.29,556.76,541.38,525.99,510.61,495.23,490.38,485.54,480.69,475.85,479.24,482.63,486.03,489.42,501.59,513.77,525.95,538.12,550.82,563.53,576.23,588.93,573.76,558.59,543.42,528.25,528.15,528.06,527.96,527.86,583.05,638.23,693.42,748.6,766.57,784.54,802.52,820.49,824.7,828.91,833.12,837.33,837.73,838.12,838.52,838.92,838.92,838.92,838.92
Q_Sto_Power_max,346.59,893.87,889.74,885.61,881.47,878.92,876.36,873.81,871.25,869.4,867.55,865.7,863.84,861.94,860.03,858.12,856.21,854.15,852.09,1712.52,847.98,845.37,842.77,840.17,837.57,833.11,828.64,824.17,819.71,776.54,693.18,690.2,653.55,693.18,1180.27,582.91,631.54,645.74,630.16,664.47,693.18,689.8,680.83,671.85,662.88,636.66,636.96,693.18,1096.86,541.38,693.18,1004.19,495.23,693.18,975.01,480.69,693.18,2000.71,1496.29,992.53,489.42,693.18,975.95,481.16,553.57,613.06,659.48,693.18,340.35,573.76,625.39,693.18,1070.31,528.15,693.18,1069.73,527.86,583.05,638.23,693.18,693.18,693.18,784.54,802.52,820.49,824.7,828.91,1691.15,837.33,837.73,838.12,838.52,838.92,838.92,838.92,838.92,898.0,893.87,889.74,885.61,881.47,878.92,876.36,873.81,871.25,869.4,867.55,865.7,863.84,861.94,860.03,858.12,856.21,854.15,852.09,850.03,847.98,845.37,842.77,1691.63,837.57,833.11,828.64,824.17,819.71,776.54,693.18,693.18,656.13,640.57,693.18,1137.35,561.54,595.85,630.16,664.47,693.18,689.8,680.83,671.85,662.88,693.18,1697.02,1095.17,1625.67,1065.97,525.99,1004.19,495.23,693.18,1380.18,882.63,434.69,566.14,693.18,992.53,489.42,693.18,1065.87,525.95,598.27,693.18,1166.84,576.23,597.74,693.18,1073.18,529.59,611.66,693.18,1069.92,527.96,610.43,637.5,638.23,693.18,693.18,693.18,784.54,802.52,820.49,824.7,1682.69,833.12,837.33,837.73,838.12,838.52,838.92,838.92,1694.33,838.92
T_TWW,333.15,333.05,332.95,332.85,332.75,332.65,332.55,332.45,332.35,332.25,332.15,332.05,331.96,331.86,331.76,331.66,331.6,331.5,331.4,331.3,334.09,333.98,333.88,333.78,333.68,333.12,332.57,332.47,332.37,332.27,332.17,332.07,332.0,331.91,331.36,331.26,331.16,330.61,330.52,330.42,330.33,330.24,324.1,323.57,323.49,323.41,323.33,323.26,323.21,325.56,325.48,324.94,324.86,324.78,324.25,329.28,328.73,328.19,323.33,330.87,326.0,325.46,324.92,324.84,324.79,324.71,324.17,324.09,326.99,326.9,326.81,326.73,326.64,326.56,326.02,325.94,325.85,325.77,325.23,325.15,325.1,325.01,324.93,324.85,324.32,323.78,323.71,323.18,328.09,328.0,327.91,327.82,326.38,326.29,326.21,326.12,326.06,325.98,325.9,325.81,325.73,325.65,325.56,325.48,325.4,325.32,325.24,325.15,325.07,324.99,324.91,324.83,324.78,324.7,324.61,324.53,324.45,324.37,324.3,324.22,326.83,326.75,326.66,326.58,326.49,326.41,326.32,326.24,326.18,326.1,326.02,325.93,328.55,328.46,328.37,327.83,327.74,327.65,327.56,327.47,326.93,326.85,326.31,329.03,328.97,331.76,334.36,334.26,334.15,334.05,333.49,332.94,332.39,332.29,331.73,331.18,335.12,335.01,334.91,334.8,330.7,330.15,330.06,336.64,336.08,335.97,335.86,330.98,330.43,330.34,330.24,325.38,324.84,324.76,324.23,324.15,323.79,323.72,323.64,323.56,323.48,323.41,323.33,325.5,325.41,325.33,325.25,325.17,324.63,324.1,323.57,325.21
Q_TWW_Dem,0,0,0,0,0,0,0,0,0,0,0,0,0,0,0,0,0,0,0,0,0,0,0,0,0,105,105,0,0,0,0,0,0,0,105,0,0,105,0,0,0,0,1400,105,0,0,0,0,0,105,0,105,0,0,105,0,105,105,3605,735,3605,105,105,0,0,0,105,0,105,0,0,0,0,0,105,0,0,0,105,0,0,0,0,0,105,105,0,105,0,0,0,0,315,0,0,0,0,0,0,0,0,0,0,0,0,0,0,0,0,0,0,0,0,0,0,0,0,0,0,0,0,0,0,0,0,0,0,0,0,0,0,0,0,0,0,105,0,0,0,0,105,0,105,0,0,0,0,0,0,0,105,105,105,0,105,105,105,0,0,0,1400,105,0,315,105,0,0,3605,105,0,0,3605,105,0,105,0,105,0,0,0,0,0,0,105,0,0,0,0,105,105,105,735
T_Sto,309.15,315.47,315.42,315.37,315.32,315.29,315.26,315.23,315.21,315.18,315.16,315.14,315.12,315.1,315.08,315.05,315.03,315.01,314.98,324.91,314.94,314.91,314.88,314.85,314.82,314.76,314.71,314.66,314.61,314.11,313.15,313.12,312.69,313.15,318.77,311.88,312.44,312.6,312.42,312.82,313.15,313.11,313.01,312.9,312.8,312.5,312.5,313.15,317.81,311.4,313.15,316.74,310.87,313.15,316.4,310.7,313.15,328.24,322.42,316.6,310.8,313.15,316.41,310.7,311.54,312.23,312.76,313.15,309.08,311.77,312.37,313.15,317.5,311.25,313.15,317.5,311.24,311.88,312.52,313.15,313.15,313.15,314.2,314.41,314.62,314.67,314.72,324.67,314.81,314.82,314.82,314.83,314.83,314.83,314.83,314.83,315.51,315.47,315.42,315.37,315.32,315.29,315.26,315.23,315.21,315.18,315.16,315.14,315.12,315.1,315.08,315.05,315.03,315.01,314.98,314.96,314.94,314.91,314.88,324.67,314.82,314.76,314.71,314.66,314.61,314.11,313.15,313.15,312.72,312.54,313.15,318.28,311.63,312.03,312.42,312.82,313.15,313.11,313.01,312.9,312.8,313.15,324.74,317.79,323.91,317.45,311.22,316.74,310.87,313.15,321.08,315.34,310.17,311.68,313.15,316.6,310.8,313.15,317.45,311.22,312.05,313.15,318.62,311.8,312.05,313.15,317.54,311.26,312.21,313.15,317.5,311.24,312.19,312.51,312.52,313.15,313.15,313.15,314.2,314.41,314.62,314.67,324.57,314.76,314.81,314.82,314.82,314.83,314.83,314.83,324.7,314.83
Q_Sto_Loss,12.54,16.94,16.91,16.87,16.84,16.82,16.8,16.78,16.76,16.74,16.73,16.71,16.7,16.68,16.67,16.65,16.64,16.62,16.61,23.52,16.57,16.55,16.53,16.51,16.49,16.45,16.42,16.38,16.35,16.0,15.33,15.3,15.01,15.33,19.24,14.44,14.83,14.95,14.82,15.1,15.33,15.3,15.23,15.16,15.08,14.87,14.88,15.33,18.57,14.11,15.33,17.83,13.74,15.33,17.59,13.62,15.33,25.84,21.79,17.73,13.69,15.33,17.6,13.62,14.21,14.68,15.06,15.33,12.49,14.37,14.78,15.33,18.36,14.0,15.33,18.36,14.0,14.44,14.89,15.33,15.33,15.33,16.06,16.21,16.35,16.39,16.42,23.35,16.49,16.49,16.49,16.5,16.5,16.5,16.5,16.5,16.97,16.94,16.91,16.87,16.84,16.82,16.8,16.78,16.76,16.74,16.73,16.71,16.7,16.68,16.67,16.65,16.64,16.62,16.61,16.59,16.57,16.55,16.53,23.36,16.49,16.45,16.42,16.38,16.35,16.0,15.33,15.33,15.03,14.9,15.33,18.9,14.27,14.55,14.82,15.1,15.33,15.3,15.23,15.16,15.08,15.33,23.4,18.56,22.83,18.33,13.98,17.83,13.74,15.33,20.85,16.85,13.25,14.31,15.33,17.73,13.69,15.33,18.32,13.98,14.56,15.33,19.14,14.39,14.56,15.33,18.38,14.01,14.67,15.33,18.36,14.0,14.66,14.88,14.89,15.33,15.33,15.33,16.06,16.21,16.35,16.39,23.28,16.45,16.49,16.49,16.49,16.5,16.5,16.5,23.38,16.5
Q_Sto_Energy,1559.66,2106.94,2102.81,2098.68,2094.55,2091.99,2089.43,2086.88,2084.32,2082.47,2080.62,2078.77,2076.92,2075.01,2073.1,2071.19,2069.28,2067.22,2065.16,2925.59,2061.05,2058.45,2055.85,2053.24,2050.64,2046.18,2041.71,2037.24,2032.78,1989.61,1906.25,1903.27,1866.62,1906.25,2393.34,1795.98,1844.61,1858.81,1843.23,1877.54,1906.25,1902.87,1893.9,1884.92,1875.95,1849.73,1850.03,1906.25,2309.93,1754.45,1906.25,2217.26,1708.3,1906.25,2188.08,1693.77,1906.25,3213.78,2709.36,2205.6,1702.49,1906.25,2189.02,1694.23,1766.64,1826.13,1872.55,1906.25,1553.42,1786.83,1838.46,1906.25,2283.38,1741.22,1906.25,2282.8,1740.94,1796.12,1851.3,1906.25,1906.25,1906.25,1997.62,2015.59,2033.56,2037.77,2041.98,2904.22,2050.4,2050.8,2051.19,2051.59,2051.99,2051.99,2051.99,2051.99,2111.07,2106.94,2102.81,2098.68,2094.55,2091.99,2089.43,2086.88,2084.32,2082.47,2080.62,2078.77,2076.92,2075.01,2073.1,2071.19,2069.28,2067.22,2065.16,2063.11,2061.05,2058.45,2055.85,2904.71,2050.64,2046.18,2041.71,2037.24,2032.78,1989.61,1906.25,1906.25,1869.2,1853.64,1906.25,2350.42,1774.61,1808.92,1843.23,1877.54,1906.25,1902.87,1893.9,1884.92,1875.95,1906.25,2910.09,2308.24,2838.74,2279.04,1739.06,2217.26,1708.3,1906.25,2593.25,2095.71,1647.76,1779.22,1906.25,2205.6,1702.49,1906.25,2278.95,1739.02,1811.34,1906.25,2379.92,1789.3,1810.81,1906.25,2286.25,1742.66,1824.73,1906.25,2282.99,1741.03,1823.5,1850.58,1851.3,1906.25,1906.25,1906.25,1997.62,2015.59,2033.56,2037.77,2895.76,2046.19,2050.4,2050.8,2051.19,2051.59,2051.99,2051.99,2907.4,2051.99
COP_Carnot,0.0,5.32,5.32,5.32,5.32,5.32,5.31,5.31,5.3,5.3,5.29,5.29,5.28,5.29,5.29,5.29,5.29,5.29,5.3,5.3,5.66,5.3,5.31,5.31,5.32,5.32,5.33,5.34,5.34,5.35,9.19,9.21,9.23,9.25,5.38,0.0,9.34,9.4,9.45,9.51,9.57,9.58,9.6,9.61,9.63,9.73,9.83,9.93,5.61,6.02,10.05,5.61,0.0,10.08,5.62,6.04,10.13,5.63,6.04,6.03,6.03,10.01,5.58,0.0,9.84,9.81,9.78,9.75,5.91,9.69,9.66,9.63,5.48,0.0,9.57,5.47,0.0,9.53,9.51,9.5,9.48,9.46,5.43,5.42,5.42,5.42,5.42,5.42,5.81,5.41,5.39,5.38,5.36,5.36,5.36,5.36,5.32,5.32,5.32,5.32,5.32,5.32,5.31,5.31,5.3,5.3,5.29,5.29,5.28,5.29,5.29,5.29,5.29,5.29,5.3,5.3,5.3,5.3,5.31,5.31,5.68,5.32,5.33,5.34,5.34,5.35,9.19,9.21,9.23,9.25,9.28,5.39,5.78,9.4,9.45,9.51,9.57,9.58,9.6,9.61,9.63,9.73,5.55,5.98,5.61,6.02,6.02,5.61,0.0,10.08,5.62,0.0,0.0,10.12,10.1,5.62,6.03,10.01,5.58,0.0,9.84,9.81,5.53,5.92,9.72,9.69,5.5,5.88,9.6,9.58,5.47,5.85,9.54,9.53,9.51,9.5,9.48,9.46,5.43,5.42,5.42,5.42,5.42,5.8,5.43,5.41,5.39,5.38,5.36,5.36,5.36,5.73
COP_HP,0.0,2.13,2.13,2.13,2.13,2.13,2.12,2.12,2.12,2.12,2.12,2.12,2.11,2.11,2.12,2.12,2.12,2.12,2.12,2.12,2.26,2.12,2.12,2.12,2.13,2.13,2.13,2.13,2.14,2.14,3.67,3.68,3.69,3.7,2.15,0.0,3.74,3.76,3.78,3.8,3.83,3.83,3.84,3.85,3.85,3.89,3.93,3.97,2.24,2.41,4.02,2.25,0.0,4.03,2.25,2.42,4.05,2.25,2.42,2.41,2.41,4.0,2.23,0.0,3.94,3.92,3.91,3.9,2.36,3.88,3.86,3.85,2.19,0.0,3.83,2.19,0.0,3.81,3.8,3.8,3.79,3.78,2.17,2.17,2.17,2.17,2.17,2.17,2.32,2.16,2.16,2.15,2.14,2.14,2.14,2.14,2.13,2.13,2.13,2.13,2.13,2.13,2.12,2.12,2.12,2.12,2.12,2.12,2.11,2.11,2.12,2.12,2.12,2.12,2.12,2.12,2.12,2.12,2.12,2.12,2.27,2.13,2.13,2.13,2.14,2.14,3.67,3.68,3.69,3.7,3.71,2.16,2.31,3.76,3.78,3.8,3.83,3.83,3.84,3.85,3.85,3.89,2.22,2.39,2.24,2.41,2.41,2.25,0.0,4.03,2.25,0.0,0.0,4.05,4.04,2.25,2.41,4.0,2.23,0.0,3.94,3.92,2.21,2.37,3.89,3.88,2.2,2.35,3.84,3.83,2.19,2.34,3.82,3.81,3.8,3.8,3.79,3.78,2.17,2.17,2.17,2.17,2.17,2.32,2.17,2.16,2.16,2.15,2.14,2.14,2.14,2.29
T_Air,278.61,278.63,278.66,278.68,278.71,278.63,278.56,278.48,278.4,278.35,278.3,278.25,278.2,278.23,278.25,278.28,278.3,278.33,278.35,278.38,278.4,278.45,278.51,278.56,278.61,278.68,278.76,278.83,278.91,278.99,279.06,279.14,279.21,279.31,279.41,279.52,279.62,279.82,280.02,280.22,280.42,280.48,280.53,280.58,280.63,280.96,281.28,281.61,281.94,281.97,281.99,282.02,282.04,282.09,282.14,282.19,282.24,282.19,282.14,282.09,282.04,281.86,281.69,281.51,281.33,281.23,281.13,281.03,280.93,280.83,280.73,280.63,280.53,280.48,280.42,280.37,280.32,280.27,280.22,280.17,280.12,280.05,279.97,279.89,279.82,279.84,279.87,279.89,279.92,279.72,279.52,279.31,279.11,279.11,279.11,279.11,278.61,278.63,278.66,278.68,278.71,278.63,278.56,278.48,278.4,278.35,278.3,278.25,278.2,278.23,278.25,278.28,278.3,278.33,278.35,278.38,278.4,278.45,278.51,278.56,278.61,278.68,278.76,278.83,278.91,278.99,279.06,279.14,279.21,279.31,279.41,279.52,279.62,279.82,280.02,280.22,280.42,280.48,280.53,280.58,280.63,280.96,281.28,281.61,281.94,281.97,281.99,282.02,282.04,282.09,282.14,282.19,282.24,282.19,282.14,282.09,282.04,281.86,281.69,281.51,281.33,281.23,281.13,281.03,280.93,280.83,280.73,280.63,280.53,280.48,280.42,280.37,280.32,280.27,280.22,280.17,280.12,280.05,279.97,279.89,279.82,279.84,279.87,279.89,279.92,279.72,279.52,279.31,279.11,279.11,279.11,279.11
T_Mean,279.94,279.94,279.94,279.94,279.94,279.94,279.94,279.94,279.94,279.94,279.94,279.94,279.94,279.94,279.94,279.94,279.94,279.94,279.94,279.94,279.94,279.94,279.94,279.94,279.94,279.94,279.94,279.94,279.94,279.94,279.94,279.94,279.94,279.94,279.94,279.94,279.94,279.94,279.94,279.94,279.94,279.94,279.94,279.94,279.94,279.94,279.94,279.94,279.94,279.94,279.94,279.94,279.94,279.94,279.94,279.94,279.94,279.94,279.94,279.94,279.94,279.94,279.94,279.94,279.94,279.94,279.94,279.94,279.94,279.94,279.94,279.94,279.94,279.94,279.94,279.94,279.94,279.94,279.94,279.94,279.94,279.94,279.94,279.94,279.94,279.94,279.94,279.94,279.94,279.94,279.94,279.94,279.94,279.94,279.94,279.94,279.94,279.94,279.94,279.94,279.94,279.94,279.94,279.94,279.94,279.94,279.94,279.94,279.94,279.94,279.94,279.94,279.94,279.94,279.94,279.94,279.94,279.94,279.94,279.94,279.94,279.94,279.94,279.94,279.94,279.94,279.94,279.94,279.94,279.94,279.94,279.94,279.94,279.94,279.94,279.94,279.94,279.94,279.94,279.94,279.94,279.94,279.94,279.94,279.94,279.94,279.94,279.94,279.94,279.94,279.94,279.94,279.94,279.94,279.94,279.94,279.94,279.94,279.94,279.94,279.94,279.94,279.94,279.94,279.94,279.94,279.94,279.94,279.94,279.94,279.94,279.94,279.94,279.94,279.94,279.94,279.94,279.94,279.94,279.94,279.94,279.94,279.94,279.94,279.94,279.94,279.94,279.94,279.94,279.94,279.94,279.94
c_el_power,0.014,0.252,0.158,0.156,0.153,0.154,0.154,0.155,0.156,0.156,0.156,0.156,0.156,0.155,0.154,0.153,0.152,0.153,0.154,0.298,0.116,0.188,0.22,0.252,0.284,0.268,0.252,0.237,0.221,0.204,0.138,0.142,0.132,0.135,0.25,0.068,0.125,0.116,0.108,0.107,0.1,0.102,0.106,0.11,0.115,0.06,0.01,0.0,0.008,0.0,0.011,0.129,0.046,0.128,0.209,0.279,0.188,0.385,0.441,0.417,0.393,0.107,0.185,0.071,0.14,0.146,0.151,0.157,0.224,0.157,0.116,0.092,0.159,0.022,0.097,0.189,0.052,0.119,0.131,0.143,0.145,0.14,0.212,0.198,0.196,0.193,0.192,0.33,0.225,0.181,0.172,0.164,0.156,0.156,0.156,0.156,0.174,0.161,0.158,0.156,0.153,0.154,0.154,0.155,0.156,0.156,0.156,0.156,0.156,0.155,0.154,0.153,0.152,0.153,0.154,0.155,0.156,0.188,0.22,0.394,0.241,0.268,0.252,0.237,0.221,0.204,0.138,0.143,0.132,0.13,0.133,0.238,0.161,0.118,0.113,0.107,0.1,0.102,0.106,0.11,0.115,0.066,0.213,0.0,0.028,0.0,0.042,0.156,0.046,0.128,0.273,0.107,0.127,0.157,0.133,0.18,0.181,0.107,0.199,0.071,0.14,0.149,0.262,0.376,0.162,0.144,0.211,0.407,0.069,0.079,0.179,0.415,0.109,0.116,0.126,0.143,0.145,0.14,0.212,0.198,0.196,0.193,0.331,0.147,0.19,0.181,0.172,0.164,0.156,0.156,0.296,0.189
total_costs_ch,2.82,2.82,2.82,2.82,2.82,2.82,2.82,2.82,2.82,2.82,2.82,2.82,2.82,2.82,2.82,2.82,3.307,3.307,3.307,3.307,3.307,3.307,3.307,3.307,3.307,3.307,3.307,3.307,3.307,3.307,3.307,3.307,1.643,1.643,1.643,1.643,1.643,1.643,1.643,1.643,1.643,1.643,1.643,1.643,1.643,1.643,1.643,1.643,3.03,3.03,3.03,3.03,3.03,3.03,3.03,3.03,3.03,3.03,3.03,3.03,3.03,3.03,3.03,3.03,2.268,2.268,2.268,2.268,2.268,2.268,2.268,2.268,2.268,2.268,2.268,2.268,2.268,2.268,2.268,2.268,3.061,3.061,3.061,3.061,3.061,3.061,3.061,3.061,3.061,3.061,3.061,3.061,3.061,3.061,3.061,3.061,2.504,2.504,2.504,2.504,2.504,2.504,2.504,2.504,2.504,2.504,2.504,2.504,2.504,2.504,2.504,2.504,3.301,3.301,3.301,3.301,3.301,3.301,3.301,3.301,3.301,3.301,3.301,3.301,3.301,3.301,3.301,3.301,1.947,1.947,1.947,1.947,1.947,1.947,1.947,1.947,1.947,1.947,1.947,1.947,1.947,1.947,1.947,1.947,1.964,1.964,1.964,1.964,1.964,1.964,1.964,1.964,1.964,1.964,1.964,1.964,1.964,1.964,1.964,1.964,3.099,3.099,3.099,3.099,3.099,3.099,3.099,3.099,3.099,3.099,3.099,3.099,3.099,3.099,3.099,3.099,3.155,3.155,3.155,3.155,3.155,3.155,3.155,3.155,3.155,3.155,3.155,3.155,3.155,3.155,3.155,3.155
P_EL,38.75,718.75,452.06,444.57,437.08,439.57,441.32,443.06,444.8,444.97,444.8,444.63,444.46,441.57,438.7,435.84,433.12,435.96,439.01,852.34,332.8,536.75,628.64,720.53,812.43,766.29,721.04,675.8,630.56,583.09,394.35,406.41,376.41,386.68,714.28,194.33,357.4,332.34,308.43,305.56,286.45,291.94,302.89,315.31,327.73,172.72,29.13,-106.95,22.79,-0.0,31.81,369.85,132.56,364.91,597.2,795.91,537.68,1099.74,1260.36,1191.99,1123.63,305.7,529.07,203.34,400.91,416.66,432.4,448.22,638.84,447.82,330.32,263.92,455.4,62.33,275.79,541.16,147.47,338.63,373.38,408.04,413.72,398.89,606.95,566.71,560.27,550.83,547.74,943.24,644.01,515.99,492.19,468.4,444.6,444.42,444.42,444.42,496.86,459.56,452.06,444.57,437.08,439.57,441.32,443.06,444.8,444.97,444.8,444.63,444.46,441.57,438.7,435.84,433.12,435.96,439.01,442.07,445.12,536.75,628.64,1124.45,687.18,766.29,721.04,675.8,630.56,583.09,394.35,407.22,376.41,371.66,379.63,679.25,460.55,337.58,321.63,305.56,286.45,291.94,302.89,315.31,327.73,187.37,607.98,0.0,81.22,0.0,118.88,444.32,132.56,364.91,778.73,306.18,364.06,449.23,380.18,513.42,517.39,305.7,569.66,203.34,400.91,425.85,749.92,1074.08,463.9,412.47,603.75,1164.14,196.73,225.36,512.57,1186.65,311.26,331.37,359.06,408.04,413.72,398.89,606.95,566.71,560.27,550.83,944.52,420.36,541.54,515.99,492.19,468.4,444.6,444.42,846.72,540.38
P_EL_Dem,38.75,33.38,28.01,22.64,17.27,19.73,22.2,24.67,27.13,27.52,27.91,28.3,28.69,26.89,25.1,23.3,21.51,25.7,29.9,34.09,38.28,131.72,225.16,318.6,412.04,369.37,326.7,284.03,241.36,236.43,231.5,226.56,221.63,247.59,273.55,299.5,325.46,327.16,328.86,330.55,332.25,365.87,399.49,433.12,466.74,365.62,264.5,163.37,62.25,165.22,268.19,371.16,474.13,505.92,537.71,569.5,601.29,520.2,439.11,358.02,276.93,276.38,275.83,275.28,274.72,281.83,288.93,296.03,303.14,235.84,168.54,101.25,33.95,62.33,90.71,119.09,147.47,167.33,187.19,207.04,226.9,211.64,196.38,181.13,165.87,160.97,156.07,151.18,146.28,121.04,95.8,70.56,45.32,45.32,45.32,45.32,38.75,33.38,28.01,22.64,17.27,19.73,22.2,24.67,27.13,27.52,27.91,28.3,28.69,26.89,25.1,23.3,21.51,25.7,29.9,34.09,38.28,131.72,225.16,318.6,412.04,369.37,326.7,284.03,241.36,236.43,231.5,226.56,221.63,247.59,273.55,299.5,325.46,327.16,328.86,330.55,332.25,365.87,399.49,433.12,466.74,365.62,264.5,163.37,62.25,165.22,268.19,371.16,474.13,505.92,537.71,569.5,601.29,520.2,439.11,358.02,276.93,276.38,275.83,275.28,274.72,281.83,288.93,296.03,303.14,235.84,168.54,101.25,33.95,62.33,90.71,119.09,147.47,167.33,187.19,207.04,226.9,211.64,196.38,181.13,165.87,160.97,156.07,151.18,146.28,121.04,95.8,70.56,45.32,45.32,45.32,45.32
P_EL_HP,0.0,685.37,424.06,421.93,419.81,419.84,419.12,418.4,417.67,417.45,416.89,416.33,415.78,414.68,413.61,412.54,411.61,410.25,409.11,818.25,294.52,405.03,403.48,401.93,400.38,396.92,394.34,391.77,389.2,350.31,170.13,190.76,169.34,183.86,515.7,0.0,167.32,166.31,166.47,187.66,192.61,183.05,178.95,176.32,173.7,160.64,159.0,164.87,436.58,277.2,172.42,373.88,0.0,174.47,348.89,489.72,173.62,804.97,1034.89,1035.82,1036.75,180.0,364.55,0.0,158.75,159.25,159.76,160.33,335.7,211.98,161.77,162.68,421.45,0.0,185.08,422.07,0.0,171.31,186.19,201.0,186.82,187.25,410.57,385.59,394.41,389.86,391.66,792.06,497.73,394.94,396.39,397.83,399.28,399.09,399.09,399.09,458.11,426.18,424.06,421.93,419.81,419.84,419.12,418.4,417.67,417.45,416.89,416.33,415.78,414.68,413.61,412.54,411.61,410.25,409.11,407.98,406.84,405.03,403.48,805.85,275.14,396.92,394.34,391.77,389.2,350.31,170.13,191.58,169.34,168.83,181.05,484.92,270.47,171.55,179.66,187.66,192.61,183.05,178.95,176.32,173.7,175.28,737.85,271.83,495.0,277.2,259.5,448.34,0.0,174.47,530.42,0.0,0.0,154.46,154.71,357.25,430.51,180.0,405.14,0.0,158.75,168.44,477.28,786.19,160.76,176.63,435.2,1062.89,162.78,163.03,421.86,1067.56,163.79,164.04,171.88,201.0,186.82,187.25,410.57,385.59,394.41,389.86,788.44,269.18,395.26,394.94,396.39,397.83,399.28,399.09,801.4,495.05
P_PV,0.0,0.0,0.0,0.0,0.0,0.0,0.0,0.0,0.0,0.0,0.0,0.0,0.0,0.0,0.0,0.0,0.0,0.0,0.0,0.0,0.0,0.0,0.0,0.0,0.0,0.0,0.0,0.0,0.0,3.64,7.28,10.92,14.56,44.76,74.97,105.17,135.37,161.13,186.89,212.64,238.4,256.98,275.55,294.13,312.7,353.54,394.37,435.2,476.03,442.42,408.8,375.19,341.57,315.49,289.4,263.31,237.23,225.43,213.64,201.84,190.05,150.68,111.31,71.94,32.56,24.42,16.28,8.14,0.0,0.0,0.0,0.0,0.0,0.0,0.0,0.0,0.0,0.0,0.0,0.0,0.0,0.0,0.0,0.0,0.0,0.0,0.0,0.0,0.0,0.0,0.0,0.0,0.0,0.0,0.0,0.0,0.0,0.0,0.0,0.0,0.0,0.0,0.0,0.0,0.0,0.0,0.0,0.0,0.0,0.0,0.0,0.0,0.0,0.0,0.0,0.0,0.0,0.0,0.0,0.0,0.0,0.0,0.0,0.0,0.0,3.64,7.28,10.92,14.56,44.76,74.97,105.17,135.37,161.13,186.89,212.64,238.4,256.98,275.55,294.13,312.7,353.54,394.37,435.2,476.03,442.42,408.8,375.19,341.57,315.49,289.4,263.31,237.23,225.43,213.64,201.84,190.05,150.68,111.31,71.94,32.56,24.42,16.28,8.14,0.0,0.0,0.0,0.0,0.0,0.0,0.0,0.0,0.0,0.0,0.0,0.0,0.0,0.0,0.0,0.0,0.0,0.0,0.0,0.0,0.0,0.0,0.0,0.0,0.0,0.0,0.0,0.0
d_Temp_HP,0.0,4.1,2.5,2.5,2.5,2.5,2.5,2.5,2.5,2.5,2.5,2.5,2.5,2.5,2.5,2.4,2.4,2.4,2.4,4.9,1.9,2.4,2.4,2.4,2.4,2.4,2.4,2.3,2.3,2.1,1.8,2.0,1.8,1.9,3.1,0.0,1.8,1.8,1.8,2.0,2.1,2.0,1.9,1.9,1.9,1.8,1.8,1.8,2.7,1.9,1.9,2.4,0.0,2.0,2.2,3.3,2.0,5.1,7.0,7.0,7.0,2.0,2.3,0.0,1.8,1.8,1.8,1.8,2.2,2.3,1.8,1.8,2.6,0.0,2.0,2.6,0.0,1.8,2.0,2.1,2.0,2.0,2.5,2.3,2.4,2.4,2.4,4.8,3.2,2.4,2.4,2.4,2.4,2.4,2.4,2.4,2.7,2.5,2.5,2.5,2.5,2.5,2.5,2.5,2.5,2.5,2.5,2.5,2.5,2.5,2.5,2.4,2.4,2.4,2.4,2.4,2.4,2.4,2.4,4.8,1.8,2.4,2.4,2.3,2.3,2.1,1.8,2.0,1.8,1.8,1.9,2.9,1.8,1.8,1.9,2.0,2.1,2.0,1.9,1.9,1.9,1.9,4.6,1.8,3.1,1.9,1.8,2.8,0.0,2.0,3.3,0.0,0.0,1.8,1.8,2.2,2.9,2.0,2.5,0.0,1.8,1.9,3.0,5.2,1.8,1.9,2.7,7.0,1.8,1.8,2.6,7.0,1.8,1.8,1.8,2.1,2.0,2.0,2.5,2.3,2.4,2.4,4.8,1.8,2.4,2.4,2.4,2.4,2.4,2.4,4.8,3.2
d_Temp_Hou,1.1,2.8,2.8,2.8,2.7,2.7,2.7,2.7,2.7,2.7,2.7,2.7,2.7,2.7,2.7,2.7,2.7,2.7,2.7,2.6,2.6,2.6,2.6,2.6,2.6,2.6,2.6,2.6,2.6,2.4,2.2,2.1,2.0,1.9,1.9,1.8,1.7,1.9,2.0,2.1,2.2,2.1,2.1,2.1,2.1,2.0,1.9,1.8,1.7,1.7,1.6,1.6,1.5,1.5,1.5,1.5,1.5,1.5,1.5,1.5,1.5,1.6,1.6,1.5,1.7,1.7,1.8,1.8,1.1,1.8,1.7,1.7,1.6,1.6,1.6,1.6,1.6,1.8,2.0,2.2,2.2,2.2,2.4,2.5,2.6,2.6,2.6,2.6,2.6,2.6,2.6,2.6,2.6,2.6,2.6,2.6,2.8,2.8,2.8,2.8,2.7,2.7,2.7,2.7,2.7,2.7,2.7,2.7,2.7,2.7,2.7,2.7,2.7,2.7,2.7,2.6,2.6,2.6,2.6,2.6,2.6,2.6,2.6,2.6,2.6,2.4,2.2,2.1,2.0,1.9,1.9,1.8,1.7,1.9,2.0,2.1,2.2,2.1,2.1,2.1,2.1,2.0,1.9,1.8,1.7,1.7,1.6,1.6,1.5,1.5,1.5,1.5,1.4,1.5,1.5,1.5,1.5,1.6,1.6,1.6,1.7,1.7,1.8,1.8,1.8,1.8,1.7,1.6,1.6,1.6,1.6,1.6,1.6,1.8,2.0,2.2,2.2,2.2,2.4,2.5,2.6,2.6,2.6,2.6,2.6,2.6,2.6,2.6,2.6,2.6,2.6,2.6
c_grid,0.35,0.35,0.35,0.35,0.35,0.35,0.35,0.35,0.35,0.35,0.35,0.35,0.35,0.35,0.35,0.35,0.35,0.35,0.35,0.35,0.35,0.35,0.35,0.35,0.35,0.35,0.35,0.35,0.35,0.35,0.35,0.35,0.35,0.35,0.35,0.35,0.35,0.35,0.35,0.35,0.35,0.35,0.35,0.35,0.35,0.35,0.35,0.35,0.35,0.35,0.35,0.35,0.35,0.35,0.35,0.35,0.35,0.35,0.35,0.35,0.35,0.35,0.35,0.35,0.35,0.35,0.35,0.35,0.35,0.35,0.35,0.35,0.35,0.35,0.35,0.35,0.35,0.35,0.35,0.35,0.35,0.35,0.35,0.35,0.35,0.35,0.35,0.35,0.35,0.35,0.35,0.35,0.35,0.35,0.35,0.35,0.35,0.35,0.35,0.35,0.35,0.35,0.35,0.35,0.35,0.35,0.35,0.35,0.35,0.35,0.35,0.35,0.35,0.35,0.35,0.35,0.35,0.35,0.35,0.35,0.35,0.35,0.35,0.35,0.35,0.35,0.35,0.35,0.35,0.35,0.35,0.35,0.35,0.35,0.35,0.35,0.35,0.35,0.35,0.35,0.35,0.35,0.35,0.35,0.35,0.35,0.35,0.35,0.35,0.35,0.35,0.35,0.35,0.35,0.35,0.35,0.35,0.35,0.35,0.35,0.35,0.35,0.35,0.35,0.35,0.35,0.35,0.35,0.35,0.35,0.35,0.35,0.35,0.35,0.35,0.35,0.35,0.35,0.35,0.35,0.35,0.35,0.35,0.35,0.35,0.35,0.35,0.35,0.35,0.35,0.35,0.35
c_penalty,0.386,0.0,0.0,0.0,0.0,0.0,0.0,0.0,0.0,0.0,0.0,0.0,0.0,0.0,0.0,0.0,0.0,0.0,0.0,0.0,0.0,0.0,0.0,0.0,0.0,0.0,0.0,0.0,0.0,0.0,0.028,0.0,0.0,0.0,0.0,0.0,0.0,0.0,0.0,0.0,0.004,0.0,0.0,0.0,0.0,0.0,0.0,0.0,0.0,0.0,0.0,0.0,0.0,0.0,0.0,0.0,0.0,0.0,0.0,0.0,0.0,0.0,0.0,0.031,-0.0,0.0,0.0,0.0,0.174,-0.0,0.0,0.0,0.0,0.0,0.0,0.0,0.0,0.0,0.0,0.0,0.039,0.051,0.0,0.0,0.0,0.0,0.0,0.0,0.0,0.0,0.0,0.0,0.0,0.0,0.0,0.0,0.0,0.0,0.0,0.0,0.0,0.0,0.0,0.0,0.0,0.0,0.0,0.0,0.0,0.0,0.0,0.0,0.0,0.0,0.0,0.0,0.0,0.0,0.0,0.0,0.0,0.0,0.0,0.0,0.0,0.0,0.028,0.0,0.0,0.0,0.0,0.0,0.0,0.0,0.0,0.0,0.004,0.0,0.0,0.0,0.0,0.0,0.0,0.0,0.0,0.0,0.0,0.0,0.0,0.0,0.0,0.0,0.029,0.0,0.0,0.0,0.0,0.0,0.0,0.0,0.0,0.0,0.0,0.0,0.0,0.0,0.0,0.01,0.0,0.0,0.0,0.0,0.0,0.0,0.0,0.0,0.039,0.051,0.0,0.0,0.0,0.0,0.0,0.0,0.0,0.0,0.0,0.0,0.0,0.0,0.0,0.0
c_revenue,0.0,0.0,0.0,0.0,0.0,0.0,0.0,0.0,0.0,0.0,0.0,0.0,0.0,0.0,0.0,0.0,0.0,0.0,0.0,0.0,0.0,0.0,0.0,0.0,0.0,0.0,0.0,0.0,0.0,0.0,0.0,0.0,0.0,0.0,0.0,0.0,0.0,0.0,0.0,0.0,0.0,0.0,0.0,0.0,0.0,0.0,0.0,-0.006,-0.0,-0.0,0.0,-0.0,0.0,0.0,0.0,0.0,0.0,0.0,0.0,0.0,0.0,0.0,0.0,0.0,0.0,0.0,0.0,0.0,0.0,0.0,0.0,0.0,0.0,0.0,0.0,0.0,0.0,0.0,0.0,0.0,0.0,0.0,0.0,0.0,0.0,0.0,0.0,0.0,0.0,0.0,0.0,0.0,0.0,0.0,0.0,0.0,0.0,0.0,0.0,0.0,0.0,0.0,0.0,0.0,0.0,0.0,0.0,0.0,0.0,0.0,0.0,0.0,0.0,0.0,0.0,0.0,0.0,0.0,0.0,0.0,0.0,0.0,0.0,0.0,0.0,0.0,0.0,0.0,0.0,0.0,0.0,0.0,0.0,0.0,0.0,0.0,0.0,0.0,0.0,0.0,0.0,0.0,0.0,0.0,0.0,0.0,0.0,0.0,0.0,0.0,0.0,0.0,0.0,0.0,0.0,0.0,0.0,0.0,0.0,0.0,0.0,0.0,0.0,0.0,0.0,0.0,0.0,0.0,0.0,0.0,0.0,0.0,0.0,0.0,0.0,0.0,0.0,0.0,0.0,0.0,0.0,0.0,0.0,0.0,0.0,0.0,0.0,0.0,0.0,0.0,0.0,0.0
c_cost,0.4,0.25,0.16,0.16,0.15,0.15,0.15,0.16,0.16,0.16,0.16,0.16,0.16,0.15,0.15,0.15,0.15,0.15,0.15,0.3,0.12,0.19,0.22,0.25,0.28,0.27,0.25,0.24,0.22,0.2,0.17,0.14,0.13,0.14,0.25,0.07,0.13,0.12,0.11,0.11,0.1,0.1,0.11,0.11,0.11,0.06,0.01,-0.01,0.01,-0.0,0.01,0.13,0.05,0.13,0.21,0.28,0.19,0.38,0.44,0.42,0.39,0.11,0.19,0.1,0.14,0.15,0.15,0.16,0.4,0.16,0.12,0.09,0.16,0.02,0.1,0.19,0.05,0.12,0.13,0.14,0.18,0.19,0.21,0.2,0.2,0.19,0.19,0.33,0.23,0.18,0.17,0.16,0.16,0.16,0.16,0.16,0.17,0.16,0.16,0.16,0.15,0.15,0.15,0.16,0.16,0.16,0.16,0.16,0.16,0.15,0.15,0.15,0.15,0.15,0.15,0.15,0.16,0.19,0.22,0.39,0.24,0.27,0.25,0.24,0.22,0.2,0.17,0.14,0.13,0.13,0.13,0.24,0.16,0.12,0.11,0.11,0.1,0.1,0.11,0.11,0.11,0.07,0.21,0.0,0.03,0.0,0.04,0.16,0.05,0.13,0.27,0.11,0.16,0.16,0.13,0.18,0.18,0.11,0.2,0.07,0.14,0.15,0.26,0.38,0.16,0.14,0.21,0.42,0.07,0.08,0.18,0.42,0.11,0.12,0.13,0.14,0.18,0.19,0.21,0.2,0.2,0.19,0.33,0.15,0.19,0.18,0.17,0.16,0.16,0.16,0.3,0.19
c_el_cost_ch,2.43,2.43,2.43,2.43,2.43,2.43,2.43,2.43,2.43,2.43,2.43,2.43,2.43,2.43,2.43,2.43,3.28,3.28,3.28,3.28,3.28,3.28,3.28,3.28,3.28,3.28,3.28,3.28,3.28,3.28,3.28,3.28,1.65,1.65,1.65,1.65,1.65,1.65,1.65,1.65,1.65,1.65,1.65,1.65,1.65,1.65,1.65,1.65,3.0,3.0,3.0,3.0,3.0,3.0,3.0,3.0,3.0,3.0,3.0,3.0,3.0,3.0,3.0,3.0,2.09,2.09,2.09,2.09,2.09,2.09,2.09,2.09,2.09,2.09,2.09,2.09,2.09,2.09,2.09,2.09,2.97,2.97,2.97,2.97,2.97,2.97,2.97,2.97,2.97,2.97,2.97,2.97,2.97,2.97,2.97,2.97,2.5,2.5,2.5,2.5,2.5,2.5,2.5,2.5,2.5,2.5,2.5,2.5,2.5,2.5,2.5,2.5,3.27,3.27,3.27,3.27,3.27,3.27,3.27,3.27,3.27,3.27,3.27,3.27,3.27,3.27,3.27,3.27,1.94,1.94,1.94,1.94,1.94,1.94,1.94,1.94,1.94,1.94,1.94,1.94,1.94,1.94,1.94,1.94,1.94,1.94,1.94,1.94,1.94,1.94,1.94,1.94,1.94,1.94,1.94,1.94,1.94,1.94,1.94,1.94,3.09,3.09,3.09,3.09,3.09,3.09,3.09,3.09,3.09,3.09,3.09,3.09,3.09,3.09,3.09,3.09,3.06,3.06,3.06,3.06,3.06,3.06,3.06,3.06,3.06,3.06,3.06,3.06,3.06,3.06,3.06,3.06
total_costs_ph,16.01,16.01,16.01,16.01,16.01,16.01,16.01,16.01,16.01,16.01,16.01,16.01,16.01,16.01,16.01,16.01,15.755,15.755,15.755,15.755,15.755,15.755,15.755,15.755,15.755,15.755,15.755,15.755,15.755,15.755,15.755,15.755,15.715,15.715,15.715,15.715,15.715,15.715,15.715,15.715,15.715,15.715,15.715,15.715,15.715,15.715,15.715,15.715,15.771,15.771,15.771,15.771,15.771,15.771,15.771,15.771,15.771,15.771,15.771,15.771,15.771,15.771,15.771,15.771,14.548,14.548,14.548,14.548,14.548,14.548,14.548,14.548,14.548,14.548,14.548,14.548,14.548,14.548,14.548,14.548,15.747,15.747,15.747,15.747,15.747,15.747,15.747,15.747,15.747,15.747,15.747,15.747,15.747,15.747,15.747,15.747,15.877,15.877,15.877,15.877,15.877,15.877,15.877,15.877,15.877,15.877,15.877,15.877,15.877,15.877,15.877,15.877,15.995,15.995,15.995,15.995,15.995,15.995,15.995,15.995,15.995,15.995,15.995,15.995,15.995,15.995,15.995,15.995,15.918,15.918,15.918,15.918,15.918,15.918,15.918,15.918,15.918,15.918,15.918,15.918,15.918,15.918,15.918,15.918,15.873,15.873,15.873,15.873,15.873,15.873,15.873,15.873,15.873,15.873,15.873,15.873,15.873,15.873,15.873,15.873,15.485,15.485,15.485,15.485,15.485,15.485,15.485,15.485,15.485,15.485,15.485,15.485,15.485,15.485,15.485,15.485,15.875,15.875,15.875,15.875,15.875,15.875,15.875,15.875,15.875,15.875,15.875,15.875,15.875,15.875,15.875,15.875
P_HP_1,0.0,401.81,248.53,247.2,245.87,246.14,245.97,245.79,245.62,245.65,245.49,245.32,245.16,244.43,243.72,243.0,242.38,241.5,240.75,481.34,184.96,238.02,236.95,235.88,234.81,232.55,230.8,229.06,227.32,204.39,170.13,190.76,169.34,183.86,299.11,0.0,167.32,166.31,166.47,187.66,192.61,183.05,178.95,176.32,173.7,160.64,159.0,164.87,243.93,166.14,172.42,208.65,0.0,174.47,194.31,292.56,173.62,447.97,618.68,619.69,620.7,180.0,204.49,0.0,158.75,159.25,159.76,160.33,204.12,211.98,161.77,162.68,240.59,0.0,185.08,241.48,0.0,171.31,186.19,201.0,186.82,187.25,236.27,222.14,227.46,224.76,225.72,456.3,306.72,228.1,229.59,231.07,232.56,232.45,232.45,232.45,268.67,249.86,248.53,247.2,245.87,246.14,245.97,245.79,245.62,245.65,245.49,245.32,245.16,244.43,243.72,243.0,242.38,241.5,240.75,240.0,239.25,238.02,236.95,472.93,172.36,232.55,230.8,229.06,227.32,204.39,170.13,191.58,169.34,168.83,181.05,280.86,167.32,171.55,179.66,187.66,192.61,183.05,178.95,176.32,173.7,175.28,416.47,163.73,276.57,166.14,155.47,250.2,0.0,174.47,295.42,0.0,0.0,154.46,154.71,199.13,257.75,180.0,227.26,0.0,158.75,168.44,270.01,477.38,160.76,176.63,247.7,648.93,162.78,163.03,241.18,653.97,163.79,164.04,171.88,201.0,186.82,187.25,236.27,222.14,227.46,224.76,454.39,165.93,227.63,228.1,229.59,231.07,232.56,232.45,466.78,308.21
P_HP_2,0.0,685.37,424.06,421.93,419.81,419.84,419.12,418.4,417.67,417.45,416.89,416.33,415.78,414.68,413.61,412.54,411.61,410.25,409.11,818.25,314.52,405.03,403.48,401.93,400.38,396.92,394.34,391.77,389.2,350.31,291.9,327.63,291.13,316.54,515.7,0.0,289.29,288.37,289.48,327.28,336.9,320.41,313.48,309.1,304.73,283.2,281.7,293.58,436.58,297.47,308.84,373.88,0.0,313.01,348.89,525.71,312.24,804.97,1110.85,1111.77,1112.69,321.78,364.55,0.0,281.47,281.93,282.39,282.97,359.72,373.01,284.23,285.39,421.45,0.0,323.73,422.07,0.0,298.98,324.72,350.29,325.34,325.73,410.57,385.59,394.41,389.86,391.66,792.06,532.59,394.94,396.39,397.83,399.28,399.09,399.09,399.09,458.11,426.18,424.06,421.93,419.81,419.84,419.12,418.4,417.67,417.45,416.89,416.33,415.78,414.68,413.61,412.54,411.61,410.25,409.11,407.98,406.84,405.03,403.48,805.85,293.89,396.92,394.34,391.77,389.2,350.31,291.9,329.03,291.13,290.67,312.14,484.92,289.29,297.46,312.42,327.28,336.9,320.41,313.48,309.1,304.73,309.02,737.85,291.55,495.0,297.47,278.48,448.34,0.0,313.01,530.42,0.0,0.0,277.56,277.79,357.25,462.04,321.78,405.14,0.0,281.47,298.2,477.28,842.55,283.31,310.8,435.2,1138.45,285.15,285.38,421.86,1143.05,286.07,286.3,299.76,350.29,325.34,325.73,410.57,385.59,394.41,389.86,788.44,288.03,395.26,394.94,396.39,397.83,399.28,399.09,801.4,529.15
T_HP_VL,0.0,343.15,343.15,343.15,343.15,343.15,343.15,343.15,343.15,343.15,343.15,343.15,343.15,343.15,343.15,343.15,343.15,343.15,343.15,343.15,338.15,343.15,343.15,343.15,343.15,343.15,343.15,343.15,343.15,343.15,313.15,313.15,313.15,313.15,343.15,0.0,313.15,313.15,313.15,313.15,313.15,313.15,313.15,313.15,313.15,313.15,313.15,313.15,343.15,338.15,313.15,343.15,0.0,313.15,343.15,338.15,313.15,343.15,338.15,338.15,338.15,313.15,343.15,0.0,313.15,313.15,313.15,313.15,338.15,313.15,313.15,313.15,343.15,0.0,313.15,343.15,0.0,313.15,313.15,313.15,313.15,313.15,343.15,343.15,343.15,343.15,343.15,343.15,338.15,343.15,343.15,343.15,343.15,343.15,343.15,343.15,343.15,343.15,343.15,343.15,343.15,343.15,343.15,343.15,343.15,343.15,343.15,343.15,343.15,343.15,343.15,343.15,343.15,343.15,343.15,343.15,343.15,343.15,343.15,343.15,338.15,343.15,343.15,343.15,343.15,343.15,313.15,313.15,313.15,313.15,313.15,343.15,338.15,313.15,313.15,313.15,313.15,313.15,313.15,313.15,313.15,313.15,343.15,338.15,343.15,338.15,338.15,343.15,0.0,313.15,343.15,0.0,0.0,313.15,313.15,343.15,338.15,313.15,343.15,0.0,313.15,313.15,343.15,338.15,313.15,313.15,343.15,338.15,313.15,313.15,343.15,338.15,313.15,313.15,313.15,313.15,313.15,313.15,343.15,343.15,343.15,343.15,343.15,338.15,343.15,343.15,343.15,343.15,343.15,343.15,343.15,338.15
HP_off,1,0,0,0,0,0,0,0,0,0,0,0,0,0,0,0,0,0,0,0,0,0,0,0,0,0,0,0,0,0,0,0,0,0,0,1,0,0,0,0,0,0,0,0,0,0,0,0,0,0,0,0,1,0,0,0,0,0,0,0,0,0,0,1,0,0,0,0,0,0,0,0,0,1,0,0,1,0,0,0,0,0,0,0,0,0,0,0,0,0,0,0,0,0,0,0,0,0,0,0,0,0,0,0,0,0,0,0,0,0,0,0,0,0,0,0,0,0,0,0,0,0,0,0,0,0,0,0,0,0,0,0,0,0,0,0,0,0,0,0,0,0,0,0,0,0,0,0,1,0,0,1,1,0,0,0,0,0,0,1,0,0,0,0,0,0,0,0,0,0,0,0,0,0,0,0,0,0,0,0,0,0,0,0,0,0,0,0,0,0,0,0
HP_mode1,0,0,0,0,0,0,0,0,0,0,0,0,0,0,0,0,0,0,0,0,0,0,0,0,0,0,0,0,0,0,1,1,1,1,0,0,1,1,1,1,1,1,1,1,1,1,1,1,0,0,1,0,0,1,0,0,1,0,0,0,0,1,0,0,1,1,1,1,0,1,1,1,0,0,1,0,0,1,1,1,1,1,0,0,0,0,0,0,0,0,0,0,0,0,0,0,0,0,0,0,0,0,0,0,0,0,0,0,0,0,0,0,0,0,0,0,0,0,0,0,0,0,0,0,0,0,1,1,1,1,1,0,0,1,1,1,1,1,1,1,1,1,0,0,0,0,0,0,0,1,0,0,0,1,1,0,0,1,0,0,1,1,0,0,1,1,0,0,1,1,0,0,1,1,1,1,1,1,0,0,0,0,0,0,0,0,0,0,0,0,0,0
HP_mode2,0,1,1,1,1,1,1,1,1,1,1,1,1,1,1,1,1,1,1,1,0,1,1,1,1,1,1,1,1,1,0,0,0,0,1,0,0,0,0,0,0,0,0,0,0,0,0,0,1,0,0,1,0,0,1,0,0,1,0,0,0,0,1,0,0,0,0,0,0,0,0,0,1,0,0,1,0,0,0,0,0,0,1,1,1,1,1,1,0,1,1,1,1,1,1,1,1,1,1,1,1,1,1,1,1,1,1,1,1,1,1,1,1,1,1,1,1,1,1,1,0,1,1,1,1,1,0,0,0,0,0,1,0,0,0,0,0,0,0,0,0,0,1,0,1,0,0,1,0,0,1,0,0,0,0,1,0,0,1,0,0,0,1,0,0,0,1,0,0,0,1,0,0,0,0,0,0,0,1,1,1,1,1,0,1,1,1,1,1,1,1,0
HP_TWW,0,0,0,0,0,0,0,0,0,0,0,0,0,0,0,0,0,0,0,0,1,0,0,0,0,0,0,0,0,0,0,0,0,0,0,0,0,0,0,0,0,0,0,0,0,0,0,0,0,1,0,0,0,0,0,1,0,0,1,1,1,0,0,0,0,0,0,0,1,0,0,0,0,0,0,0,0,0,0,0,0,0,0,0,0,0,0,0,1,0,0,0,0,0,0,0,0,0,0,0,0,0,0,0,0,0,0,0,0,0,0,0,0,0,0,0,0,0,0,0,1,0,0,0,0,0,0,0,0,0,0,0,1,0,0,0,0,0,0,0,0,0,0,1,0,1,1,0,0,0,0,0,0,0,0,0,1,0,0,0,0,0,0,1,0,0,0,1,0,0,0,1,0,0,0,0,0,0,0,0,0,0,0,1,0,0,0,0,0,0,0,1
COP_1,9.07,9.07,9.08,9.09,9.09,9.07,9.05,9.03,9.01,9.0,8.99,8.97,8.96,8.97,8.97,8.98,8.99,8.99,9.0,9.01,9.01,9.03,9.04,9.05,9.07,9.09,9.11,9.13,9.15,9.17,9.19,9.21,9.23,9.25,9.28,9.31,9.34,9.4,9.45,9.51,9.57,9.58,9.6,9.61,9.63,9.73,9.83,9.93,10.03,10.04,10.05,10.06,10.07,10.08,10.1,10.12,10.13,10.12,10.1,10.08,10.07,10.01,9.95,9.9,9.84,9.81,9.78,9.75,9.72,9.69,9.66,9.63,9.6,9.58,9.57,9.55,9.54,9.53,9.51,9.5,9.48,9.46,9.44,9.42,9.4,9.4,9.41,9.42,9.42,9.37,9.31,9.25,9.2,9.2,9.2,9.2,9.07,9.07,9.08,9.09,9.09,9.07,9.05,9.03,9.01,9.0,8.99,8.97,8.96,8.97,8.97,8.98,8.99,8.99,9.0,9.01,9.01,9.03,9.04,9.05,9.07,9.09,9.11,9.13,9.15,9.17,9.19,9.21,9.23,9.25,9.28,9.31,9.34,9.4,9.45,9.51,9.57,9.58,9.6,9.61,9.63,9.73,9.83,9.93,10.03,10.04,10.05,10.06,10.07,10.08,10.1,10.12,10.13,10.12,10.1,10.08,10.07,10.01,9.95,9.9,9.84,9.81,9.78,9.75,9.72,9.69,9.66,9.63,9.6,9.58,9.57,9.55,9.54,9.53,9.51,9.5,9.48,9.46,9.44,9.42,9.4,9.4,9.41,9.42,9.42,9.37,9.31,9.25,9.2,9.2,9.2,9.2
COP_2,5.32,5.32,5.32,5.32,5.32,5.32,5.31,5.31,5.3,5.3,5.29,5.29,5.28,5.29,5.29,5.29,5.29,5.29,5.3,5.3,5.3,5.3,5.31,5.31,5.32,5.32,5.33,5.34,5.34,5.35,5.35,5.36,5.37,5.38,5.38,5.39,5.4,5.42,5.44,5.45,5.47,5.48,5.48,5.48,5.49,5.52,5.55,5.58,5.61,5.61,5.61,5.61,5.62,5.62,5.62,5.63,5.63,5.63,5.62,5.62,5.62,5.6,5.58,5.57,5.55,5.54,5.53,5.52,5.52,5.51,5.5,5.49,5.48,5.48,5.47,5.47,5.46,5.46,5.45,5.45,5.44,5.44,5.43,5.42,5.42,5.42,5.42,5.42,5.43,5.41,5.39,5.38,5.36,5.36,5.36,5.36,5.32,5.32,5.32,5.32,5.32,5.32,5.31,5.31,5.3,5.3,5.29,5.29,5.28,5.29,5.29,5.29,5.29,5.29,5.3,5.3,5.3,5.3,5.31,5.31,5.32,5.32,5.33,5.34,5.34,5.35,5.35,5.36,5.37,5.38,5.38,5.39,5.4,5.42,5.44,5.45,5.47,5.48,5.48,5.48,5.49,5.52,5.55,5.58,5.61,5.61,5.61,5.61,5.62,5.62,5.62,5.63,5.63,5.63,5.62,5.62,5.62,5.6,5.58,5.57,5.55,5.54,5.53,5.52,5.52,5.51,5.5,5.49,5.48,5.48,5.47,5.47,5.46,5.46,5.45,5.45,5.44,5.44,5.43,5.42,5.42,5.42,5.42,5.42,5.43,5.41,5.39,5.38,5.36,5.36,5.36,5.36
Q_TWW_Loss,23,23,23,23,23,23,23,22,22,22,22,22,22,22,22,22,22,22,22,22,23,23,23,23,23,23,23,22,22,22,22,22,22,22,22,22,22,21,21,21,21,21,18,18,17,17,17,17,17,19,19,18,18,18,18,21,20,20,17,22,19,19,18,18,18,18,18,18,19,19,19,19,19,19,19,19,19,19,18,18,18,18,18,18,18,18,18,17,20,20,20,20,19,19,19,19,19,19,19,19,19,19,19,19,19,18,18,18,18,18,18,18,18,18,18,18,18,18,18,18,19,19,19,19,19,19,19,19,19,19,19,19,20,20,20,20,20,20,20,20,19,19,19,21,21,22,24,23,23,23,23,23,22,22,22,22,24,24,24,24,21,21,21,25,24,24,24,22,21,21,21,19,18,18,18,18,18,18,18,18,17,17,17,19,19,18,18,18,18,18,18,18
Q_Penalty_TWW,0.0,0.0,0.0,0.0,0.0,0.0,0.0,0.0,0.0,0.0,0.0,0.0,0.0,0.0,0.0,0.0,0.0,0.0,0.0,0.0,0.0,0.0,0.0,0.0,0.0,0.0,0.0,0.0,0.0,0.0,0.0,0.0,0.0,0.0,0.0,0.0,0.0,0.0,0.0,0.0,0.0,0.0,0.0,0.0,0.0,0.0,0.0,0.0,0.0,0.0,0.0,0.0,0.0,0.0,0.0,0.0,0.0,0.0,0.0,0.0,0.0,0.0,0.0,0.0,0.0,0.0,0.0,0.0,0.0,0.0,0.0,0.0,0.0,0.0,0.0,0.0,0.0,0.0,0.0,0.0,0.0,0.0,0.0,0.0,0.0,0.0,0.0,0.0,0.0,0.0,0.0,0.0,0.0,0.0,0.0,0.0,0.0,0.0,0.0,0.0,0.0,0.0,0.0,0.0,0.0,0.0,0.0,0.0,0.0,0.0,0.0,0.0,0.0,0.0,0.0,0.0,0.0,0.0,0.0,0.0,0.0,0.0,0.0,0.0,0.0,0.0,0.0,0.0,0.0,0.0,0.0,0.0,0.0,0.0,0.0,0.0,0.0,0.0,0.0,0.0,0.0,0.0,0.0,0.0,0.0,0.0,0.0,0.0,0.0,0.0,0.0,0.0,0.0,0.0,0.0,0.0,0.0,0.0,0.0,0.0,0.0,0.0,0.0,0.0,0.0,0.0,0.0,0.0,0.0,0.0,0.0,0.0,0.0,0.0,0.0,0.0,0.0,0.0,0.0,0.0,0.0,0.0,0.0,0.0,0.0,0.0,0.0,0.0,0.0,0.0,0.0,0.0
TWW_Penalty,0,0,0,0,0,0,0,0,0,0,0,0,0,0,0,0,0,0,0,0,0,0,0,0,0,0,0,0,0,0,0,0,0,0,0,0,0,0,0,0,0,0,0,0,0,0,0,0,0,0,0,0,0,0,0,0,0,0,0,0,0,0,0,0,0,0,0,0,0,0,0,0,0,0,0,0,0,0,0,0,0,0,0,0,0,0,0,0,0,0,0,0,0,0,0,0,0,0,0,0,0,0,0,0,0,0,0,0,0,0,0,0,0,0,0,0,0,0,0,0,0,0,0,0,0,0,0,0,0,0,0,0,0,0,0,0,0,0,0,0,0,0,0,0,0,0,0,0,0,0,0,0,0,0,0,0,0,0,0,0,0,0,0,0,0,0,0,0,0,0,0,0,0,0,0,0,0,0,0,0,0,0,0,0,0,0,0,0,0,0,0,0
T_Mean_Next,279.94,279.94,279.94,279.94,279.94,279.94,279.94,279.94,279.94,279.94,279.94,279.94,279.94,279.94,279.94,279.94,279.94,279.94,279.94,279.94,279.94,279.94,279.94,279.94,279.94,279.94,279.94,279.94,279.94,279.94,279.94,279.94,279.94,279.94,279.94,279.94,279.94,279.94,279.94,279.94,279.94,279.94,279.94,279.94,279.94,279.94,279.94,279.94,279.94,279.94,279.94,279.94,279.94,279.94,279.94,279.94,279.94,279.94,279.94,279.94,279.94,279.94,279.94,279.94,279.94,279.94,279.94,279.94,279.94,279.94,279.94,279.94,279.94,279.94,279.94,279.94,279.94,279.94,279.94,279.94,279.94,279.94,279.94,279.94,279.94,279.94,279.94,279.94,279.94,279.94,279.94,279.94,279.94,279.94,279.94,279.94,279.94,279.94,279.94,279.94,279.94,279.94,279.94,279.94,279.94,279.94,279.94,279.94,279.94,279.94,279.94,279.94,279.94,279.94,279.94,279.94,279.94,279.94,279.94,279.94,279.94,279.94,279.94,279.94,279.94,279.94,279.94,279.94,279.94,279.94,279.94,279.94,279.94,279.94,279.94,279.94,279.94,279.94,279.94,279.94,279.94,279.94,279.94,279.94,279.94,279.94,279.94,279.94,279.94,279.94,279.94,279.94,279.94,279.94,279.94,279.94,279.94,279.94,279.94,279.94,279.94,279.94,279.94,279.94,279.94,279.94,279.94,279.94,279.94,279.94,279.94,279.94,279.94,279.94,279.94,279.94,279.94,279.94,279.94,279.94,279.94,279.94,279.94,279.94,279.94,279.94,279.94,279.94,279.94,279.94,279.94,279.94
